id,trueTheta,user,category,estimateTheta
50,-2.0,1,[2, 1, 2, 1, 1, 1, 2, 1, 1, 1, 1, 2, 1, 2, 1, 2, 1, 2, 1, 1, 1, 1, 1, 1, 1, 3, 1, 2, 2, 2, 1, 2, 2, 1, 1, 2, 1, 1, 1, 1, 2, 1, 2, 1, 1, 1, 2, 1, 1, 2],-1.58994694333203
100,-2.0,1,[2, 2, 1, 1, 1, 1, 1, 1, 1, 1, 1, 2, 1, 1, 1, 2, 1, 1, 2, 2, 1, 2, 1, 2, 1, 2, 1, 1, 1, 2, 1, 1, 1, 1, 1, 2, 1, 1, 1, 2, 1, 2, 1, 1, 2, 2, 2, 1, 1, 1],-1.6569560331444935
150,-2.0,1,[2, 1, 1, 1, 2, 1, 1, 1, 1, 1, 2, 1, 2, 1, 1, 1, 1, 2, 1, 1, 1, 1, 2, 1, 1, 1, 2, 2, 2, 1, 1, 2, 2, 1, 1, 2, 1, 1, 3, 1, 1, 1, 1, 2, 2, 1, 2, 2, 1, 1],-1.6221207374422568
200,-2.0,1,[1, 1, 1, 1, 1, 2, 1, 2, 1, 2, 2, 2, 2, 1, 1, 2, 2, 1, 2, 1, 1, 2, 2, 1, 2, 1, 1, 1, 1, 1, 1, 1, 2, 1, 2, 1, 1, 2, 1, 1, 1, 1, 1, 2, 1, 2, 1, 1, 1, 1],-1.624910100010121
250,-2.0,1,[2, 2, 2, 1, 1, 2, 2, 1, 1, 1, 1, 1, 1, 2, 2, 2, 2, 2, 1, 1, 1, 1, 1, 2, 1, 2, 1, 1, 1, 1, 1, 1, 1, 1, 2, 2, 1, 1, 1, 1, 1, 1, 1, 1, 1, 1, 1, 2, 3, 1],-1.642032818474647
300,-2.0,1,[1, 1, 1, 1, 1, 1, 1, 1, 4, 1, 2, 1, 1, 1, 2, 1, 2, 2, 1, 2, 2, 1, 2, 2, 1, 1, 1, 1, 1, 1, 1, 2, 2, 1, 1, 1, 1, 1, 1, 2, 1, 1, 1, 2, 1, 2, 1, 1, 2, 1],-1.666432371178822
350,-2.0,1,[1, 2, 2, 1, 1, 2, 1, 2, 2, 2, 1, 1, 1, 1, 2, 1, 1, 2, 2, 2, 1, 1, 2, 1, 2, 2, 2, 1, 1, 2, 1, 2, 1, 1, 1, 1, 1, 1, 1, 1, 1, 2, 2, 2, 1, 1, 2, 2, 1, 1],-1.5287763015403186
400,-2.0,1,[2, 1, 1, 2, 1, 1, 2, 1, 1, 1, 2, 1, 2, 1, 2, 2, 2, 2, 1, 1, 1, 1, 1, 1, 1, 1, 2, 2, 1, 1, 2, 1, 1, 1, 1, 1, 1, 2, 1, 2, 1, 1, 1, 1, 1, 1, 1, 1, 1, 1],-1.7026416470472436
450,-2.0,1,[1, 1, 1, 3, 1, 2, 1, 1, 1, 3, 1, 1, 1, 1, 2, 2, 1, 2, 1, 2, 2, 1, 2, 1, 1, 1, 1, 2, 2, 1, 1, 2, 1, 1, 2, 1, 1, 1, 2, 1, 1, 2, 1, 1, 1, 1, 1, 2, 2, 1],-1.5937495316218337
500,-2.0,1,[3, 2, 2, 1, 1, 1, 2, 1, 1, 1, 1, 1, 1, 1, 1, 1, 1, 1, 1, 2, 1, 1, 2, 3, 1, 1, 1, 2, 1, 1, 1, 1, 1, 2, 1, 1, 2, 2, 2, 1, 1, 1, 1, 1, 1, 2, 2, 1, 2, 1],-1.6799483874610448
550,-2.0,1,[1, 1, 1, 2, 1, 1, 1, 1, 1, 1, 2, 1, 1, 1, 2, 2, 1, 1, 2, 1, 1, 2, 1, 1, 1, 1, 1, 2, 1, 1, 1, 2, 1, 1, 2, 2, 1, 2, 1, 1, 2, 2, 1, 1, 1, 1, 1, 2, 1, 1],-1.7062201324203918
600,-2.0,1,[1, 1, 1, 1, 1, 1, 1, 2, 1, 2, 1, 1, 1, 1, 1, 1, 1, 1, 1, 2, 1, 2, 2, 1, 1, 2, 1, 2, 1, 2, 1, 1, 1, 2, 2, 2, 3, 1, 1, 2, 2, 2, 2, 1, 1, 1, 1, 2, 1, 1],-1.5979636342511359
650,-2.0,1,[1, 2, 1, 1, 2, 1, 1, 1, 1, 1, 2, 2, 1, 1, 1, 1, 1, 1, 2, 1, 2, 1, 1, 1, 1, 1, 1, 2, 2, 1, 1, 1, 2, 1, 1, 1, 2, 1, 2, 1, 1, 1, 2, 2, 2, 1, 2, 1, 1, 1],-1.702862373275736
700,-2.0,1,[1, 2, 1, 1, 1, 1, 1, 2, 2, 1, 1, 2, 1, 1, 2, 1, 1, 2, 1, 1, 2, 1, 2, 1, 1, 2, 2, 1, 2, 1, 2, 1, 1, 1, 1, 1, 1, 2, 1, 1, 2, 1, 1, 1, 1, 1, 1, 2, 1, 1],-1.685533383443313
750,-2.0,1,[1, 1, 1, 1, 1, 2, 2, 1, 2, 1, 1, 1, 1, 1, 2, 2, 1, 1, 1, 2, 1, 1, 2, 1, 2, 1, 1, 1, 2, 1, 2, 2, 1, 1, 2, 2, 1, 2, 1, 2, 1, 1, 2, 1, 1, 2, 2, 1, 1, 1],-1.5864167947606622
800,-2.0,1,[1, 1, 1, 1, 1, 1, 1, 2, 1, 1, 1, 1, 1, 1, 2, 2, 2, 1, 1, 2, 1, 2, 2, 1, 1, 1, 1, 1, 1, 1, 1, 1, 1, 1, 2, 1, 2, 1, 3, 2, 1, 1, 1, 1, 1, 1, 1, 1, 2, 1],-1.7468539848001226
850,-2.0,1,[1, 1, 1, 1, 1, 2, 1, 1, 1, 2, 2, 1, 1, 2, 2, 1, 1, 1, 1, 1, 1, 2, 2, 1, 1, 2, 2, 2, 1, 1, 1, 2, 1, 1, 2, 1, 2, 2, 1, 1, 1, 1, 1, 1, 1, 1, 1, 1, 2, 1],-1.687123259983815
900,-2.0,1,[2, 2, 1, 1, 1, 2, 2, 1, 2, 2, 1, 2, 1, 3, 1, 1, 1, 2, 3, 2, 2, 1, 2, 1, 2, 1, 1, 1, 1, 1, 3, 1, 2, 1, 2, 1, 1, 1, 1, 1, 2, 2, 1, 1, 1, 1, 1, 1, 1, 1],-1.5248075362870759
950,-2.0,1,[1, 1, 2, 1, 1, 1, 1, 1, 1, 1, 2, 1, 2, 1, 1, 1, 1, 1, 1, 1, 1, 1, 1, 1, 1, 1, 1, 2, 1, 1, 1, 2, 2, 1, 1, 1, 4, 1, 1, 1, 1, 2, 1, 2, 1, 1, 1, 1, 1, 1],-1.8332460995512738
1000,-2.0,1,[2, 1, 2, 2, 2, 2, 1, 1, 2, 1, 2, 1, 1, 1, 1, 2, 1, 1, 2, 1, 1, 1, 1, 2, 1, 2, 1, 1, 1, 1, 1, 2, 1, 1, 1, 2, 1, 2, 2, 2, 1, 2, 1, 1, 1, 1, 1, 2, 1, 1],-1.5993876575758685
1050,-2.0,1,[1, 2, 1, 1, 1, 1, 2, 1, 1, 1, 2, 2, 2, 1, 1, 1, 1, 1, 1, 2, 2, 2, 1, 1, 1, 1, 1, 1, 1, 2, 2, 1, 2, 1, 2, 1, 1, 1, 1, 1, 1, 1, 2, 1, 1, 1, 1, 1, 1, 1],-1.7302658836367837
1100,-2.0,1,[1, 1, 1, 1, 1, 1, 2, 1, 1, 2, 1, 1, 2, 1, 1, 1, 1, 1, 3, 1, 1, 2, 2, 1, 2, 1, 1, 2, 2, 1, 1, 2, 2, 1, 1, 1, 2, 1, 1, 1, 1, 2, 1, 2, 2, 1, 1, 1, 1, 1],-1.6965308423009353
1150,-2.0,1,[2, 2, 1, 2, 2, 1, 2, 1, 2, 2, 1, 1, 1, 1, 1, 1, 2, 2, 1, 2, 1, 1, 1, 1, 1, 2, 1, 1, 1, 2, 1, 2, 2, 2, 1, 2, 2, 1, 1, 1, 2, 1, 1, 2, 1, 1, 1, 2, 1, 2],-1.526509266030318
1200,-2.0,1,[1, 2, 1, 2, 1, 1, 2, 2, 2, 1, 2, 1, 2, 2, 1, 1, 2, 2, 1, 1, 2, 2, 2, 1, 1, 2, 1, 1, 1, 1, 1, 1, 2, 1, 1, 2, 1, 2, 1, 1, 1, 2, 1, 2, 1, 2, 1, 1, 2, 1],-1.5480559741263236
1250,-2.0,1,[1, 1, 2, 1, 1, 1, 2, 2, 1, 2, 1, 1, 1, 1, 1, 1, 1, 1, 2, 1, 1, 1, 1, 1, 2, 1, 2, 1, 2, 1, 1, 2, 2, 1, 1, 2, 1, 1, 1, 2, 2, 2, 2, 2, 1, 2, 2, 1, 2, 1],-1.5951456526392156
1300,-2.0,1,[1, 1, 2, 1, 2, 1, 1, 1, 1, 2, 1, 1, 1, 2, 2, 1, 2, 2, 1, 2, 2, 2, 1, 1, 1, 1, 1, 1, 2, 1, 1, 1, 1, 2, 2, 1, 1, 1, 1, 2, 2, 1, 1, 1, 1, 1, 2, 1, 2, 2],-1.5945783545708538
1350,-2.0,1,[1, 1, 1, 1, 1, 1, 1, 1, 2, 2, 1, 1, 2, 1, 1, 2, 1, 1, 2, 2, 2, 2, 2, 1, 2, 2, 2, 1, 1, 2, 1, 2, 1, 1, 1, 1, 1, 1, 1, 2, 1, 1, 2, 2, 1, 1, 1, 1, 1, 1],-1.6231826534878828
1400,-2.0,1,[2, 1, 2, 1, 2, 2, 1, 1, 1, 1, 2, 2, 2, 1, 1, 1, 1, 1, 1, 1, 1, 1, 1, 1, 1, 3, 1, 2, 2, 1, 1, 1, 2, 1, 1, 1, 2, 2, 2, 1, 1, 2, 1, 1, 1, 2, 1, 2, 1, 1],-1.6146543708226002
1450,-2.0,1,[2, 2, 2, 1, 1, 2, 2, 1, 1, 1, 1, 1, 2, 3, 1, 1, 1, 1, 2, 1, 2, 1, 1, 1, 1, 2, 1, 1, 1, 1, 2, 1, 1, 1, 2, 1, 1, 1, 1, 2, 1, 2, 1, 1, 1, 2, 1, 1, 1, 2],-1.6307763749475668
1500,-2.0,1,[1, 1, 1, 1, 1, 2, 1, 1, 1, 2, 1, 1, 1, 1, 2, 4, 1, 1, 1, 1, 1, 1, 1, 1, 1, 2, 1, 2, 2, 1, 1, 2, 1, 1, 2, 1, 1, 2, 2, 1, 2, 2, 1, 2, 1, 1, 1, 2, 1, 1],-1.65771066410523
1550,-2.0,1,[1, 1, 1, 2, 1, 1, 2, 2, 2, 1, 1, 2, 2, 1, 1, 1, 2, 1, 1, 1, 2, 2, 2, 1, 1, 1, 1, 1, 2, 1, 1, 2, 2, 2, 1, 2, 2, 1, 2, 1, 1, 1, 1, 2, 1, 2, 2, 1, 2, 1],-1.576882214572981
1600,-2.0,1,[1, 2, 1, 1, 1, 2, 2, 1, 2, 2, 1, 2, 1, 2, 1, 1, 2, 2, 1, 2, 1, 1, 2, 1, 1, 1, 1, 1, 2, 1, 1, 1, 1, 1, 2, 1, 1, 1, 1, 1, 2, 1, 1, 2, 1, 1, 1, 1, 1, 1],-1.6981386127442426
1650,-2.0,1,[1, 1, 1, 1, 2, 2, 2, 1, 2, 1, 1, 1, 1, 1, 1, 1, 1, 1, 1, 2, 1, 1, 1, 2, 2, 2, 2, 1, 1, 1, 1, 1, 1, 2, 1, 3, 1, 1, 1, 1, 1, 1, 1, 2, 2, 1, 1, 1, 1, 1],-1.7123670740881365
1700,-2.0,1,[2, 2, 1, 2, 1, 1, 1, 1, 3, 1, 1, 1, 2, 2, 2, 2, 2, 2, 1, 1, 1, 2, 1, 2, 1, 1, 3, 4, 2, 1, 2, 1, 2, 2, 2, 2, 2, 1, 1, 1, 2, 1, 2, 2, 2, 2, 1, 1, 1, 1],-1.319015819923432
1750,-2.0,1,[1, 2, 1, 2, 1, 1, 1, 2, 1, 2, 2, 1, 1, 1, 1, 1, 1, 1, 1, 1, 1, 1, 1, 4, 1, 1, 2, 1, 1, 1, 1, 1, 2, 1, 2, 2, 1, 1, 1, 1, 2, 2, 2, 1, 1, 2, 1, 2, 1, 1],-1.667182206881893
1800,-2.0,1,[1, 2, 2, 2, 1, 2, 2, 1, 1, 2, 1, 1, 1, 1, 1, 1, 1, 2, 2, 1, 2, 2, 1, 1, 2, 1, 1, 1, 1, 1, 1, 2, 1, 2, 1, 1, 1, 1, 1, 2, 1, 2, 1, 1, 1, 1, 2, 2, 1, 1],-1.6565863974718977
1850,-2.0,1,[2, 1, 1, 1, 1, 2, 1, 2, 1, 2, 1, 1, 2, 2, 1, 1, 1, 1, 1, 1, 2, 1, 1, 2, 2, 1, 1, 1, 1, 1, 1, 2, 1, 1, 1, 2, 2, 2, 1, 1, 1, 1, 1, 2, 2, 1, 1, 2, 1, 2],-1.6171908073113033
1900,-2.0,1,[1, 1, 1, 1, 1, 1, 2, 1, 1, 1, 2, 2, 2, 1, 1, 1, 2, 2, 2, 2, 1, 1, 1, 1, 2, 2, 1, 2, 2, 1, 1, 1, 1, 1, 1, 2, 1, 1, 1, 1, 1, 1, 2, 1, 2, 1, 1, 2, 1, 1],-1.6545131694215247
1950,-2.0,1,[2, 1, 2, 2, 1, 1, 1, 1, 1, 1, 1, 1, 1, 1, 2, 2, 2, 2, 1, 2, 2, 2, 2, 1, 1, 1, 1, 1, 1, 2, 1, 2, 1, 1, 2, 1, 1, 2, 1, 1, 1, 1, 1, 1, 1, 2, 1, 2, 2, 1],-1.5937718713900346
2000,-2.0,1,[1, 2, 1, 1, 1, 1, 1, 1, 2, 2, 4, 2, 1, 1, 1, 1, 1, 1, 2, 2, 1, 1, 2, 1, 1, 1, 1, 1, 2, 1, 2, 1, 1, 1, 1, 1, 1, 2, 1, 1, 1, 1, 1, 1, 2, 2, 2, 1, 1, 2],-1.6638054959670106
2050,-2.0,1,[1, 1, 2, 1, 2, 1, 2, 1, 1, 1, 1, 2, 2, 1, 1, 2, 2, 2, 1, 1, 2, 2, 2, 2, 2, 1, 2, 2, 1, 1, 1, 2, 1, 2, 1, 2, 2, 1, 1, 1, 1, 3, 2, 1, 1, 1, 1, 2, 1, 1],-1.506172241883411
2100,-2.0,1,[1, 2, 1, 1, 1, 1, 1, 1, 1, 2, 1, 2, 1, 1, 1, 1, 3, 1, 2, 1, 2, 1, 2, 1, 1, 1, 2, 2, 2, 1, 1, 2, 1, 1, 1, 1, 1, 2, 1, 1, 1, 2, 1, 1, 2, 1, 1, 2, 1, 1],-1.6970516612365512
2150,-2.0,1,[1, 1, 1, 1, 1, 2, 2, 1, 4, 1, 2, 1, 2, 1, 1, 2, 1, 1, 1, 1, 1, 1, 2, 1, 2, 1, 2, 1, 1, 1, 2, 2, 1, 1, 1, 1, 2, 2, 1, 2, 2, 2, 2, 1, 2, 1, 1, 1, 1, 1],-1.5896499601243193
2200,-2.0,1,[1, 1, 2, 1, 2, 2, 1, 1, 2, 1, 1, 4, 2, 1, 2, 1, 1, 2, 2, 2, 1, 1, 1, 3, 1, 1, 1, 2, 1, 2, 2, 2, 1, 2, 1, 2, 2, 2, 1, 1, 1, 1, 1, 1, 2, 1, 2, 1, 1, 1],-1.4821227035845446
2250,-2.0,1,[2, 1, 1, 1, 2, 1, 1, 2, 1, 1, 2, 2, 1, 1, 1, 2, 1, 2, 1, 1, 1, 1, 1, 1, 1, 1, 1, 1, 1, 1, 2, 2, 1, 1, 2, 1, 1, 2, 1, 1, 1, 2, 2, 1, 2, 1, 1, 1, 1, 2],-1.6651402702269065
2300,-2.0,1,[3, 1, 1, 2, 1, 1, 1, 1, 2, 1, 1, 1, 2, 1, 1, 2, 2, 2, 2, 2, 2, 1, 1, 1, 1, 1, 2, 2, 2, 2, 1, 1, 1, 1, 1, 1, 2, 1, 2, 1, 1, 1, 1, 1, 2, 2, 1, 1, 1, 1],-1.5925471734299568
2350,-2.0,1,[1, 2, 1, 1, 1, 1, 1, 2, 2, 1, 1, 1, 1, 1, 1, 1, 1, 1, 2, 1, 1, 1, 1, 2, 1, 2, 1, 1, 1, 1, 1, 1, 2, 1, 1, 1, 1, 1, 1, 1, 2, 1, 1, 2, 1, 2, 1, 1, 1, 1],-1.812790681766506
2400,-2.0,1,[1, 1, 2, 1, 1, 2, 2, 1, 1, 1, 1, 2, 1, 1, 1, 1, 1, 1, 2, 1, 2, 2, 1, 1, 1, 1, 1, 2, 3, 1, 1, 1, 1, 1, 2, 1, 2, 1, 1, 1, 1, 2, 2, 1, 1, 1, 1, 1, 1, 1],-1.7466751270514862
2450,-2.0,1,[2, 1, 1, 1, 1, 1, 1, 2, 3, 1, 2, 2, 1, 1, 1, 1, 1, 1, 1, 1, 1, 1, 1, 1, 2, 2, 1, 1, 1, 2, 1, 2, 2, 1, 2, 1, 1, 2, 1, 1, 1, 2, 1, 1, 2, 1, 1, 1, 1, 2],-1.6547807993490284
2500,-2.0,1,[1, 1, 2, 2, 1, 2, 2, 1, 2, 1, 2, 2, 2, 1, 2, 1, 2, 2, 2, 1, 1, 1, 2, 2, 2, 2, 1, 2, 1, 1, 1, 1, 1, 1, 2, 1, 2, 2, 1, 1, 1, 1, 2, 2, 1, 2, 2, 1, 1, 1],-1.4492087390999406
2550,-2.0,1,[2, 1, 1, 1, 1, 1, 1, 2, 1, 2, 1, 1, 2, 1, 2, 1, 2, 1, 4, 1, 2, 2, 1, 1, 1, 2, 1, 1, 1, 2, 1, 1, 1, 1, 1, 2, 1, 1, 1, 1, 1, 2, 1, 1, 2, 1, 1, 2, 1, 2],-1.6244331616204823
2600,-2.0,1,[2, 1, 1, 1, 1, 1, 1, 2, 1, 1, 1, 2, 1, 1, 2, 1, 2, 2, 1, 1, 2, 1, 2, 1, 1, 2, 2, 1, 1, 1, 2, 1, 1, 1, 1, 2, 1, 1, 1, 2, 1, 1, 1, 2, 1, 3, 2, 1, 1, 1],-1.6371015243016807
2650,-2.0,1,[1, 1, 1, 2, 2, 2, 1, 1, 1, 2, 1, 2, 1, 1, 1, 2, 1, 2, 1, 1, 1, 1, 1, 1, 2, 1, 1, 2, 2, 2, 1, 1, 1, 1, 1, 1, 1, 1, 1, 1, 1, 1, 1, 1, 1, 1, 1, 2, 2, 1],-1.7192542297191165
2700,-2.0,1,[1, 2, 2, 1, 1, 1, 1, 2, 1, 1, 1, 1, 1, 2, 1, 1, 1, 2, 1, 2, 1, 1, 2, 2, 1, 1, 1, 1, 1, 1, 1, 2, 1, 1, 1, 1, 2, 2, 1, 1, 1, 1, 2, 2, 2, 2, 1, 2, 1, 1],-1.6698111358973977
2750,-2.0,1,[1, 1, 1, 2, 1, 1, 2, 2, 1, 1, 1, 1, 1, 1, 1, 2, 3, 1, 1, 2, 1, 1, 1, 1, 2, 2, 2, 2, 2, 1, 2, 1, 2, 1, 1, 1, 3, 2, 1, 2, 1, 2, 1, 1, 1, 1, 2, 2, 2, 1],-1.5298435134293444
2800,-2.0,1,[1, 1, 1, 1, 2, 1, 1, 1, 1, 2, 2, 2, 1, 1, 1, 1, 1, 1, 4, 2, 1, 1, 1, 1, 2, 2, 1, 1, 1, 1, 1, 2, 1, 1, 2, 1, 2, 2, 1, 1, 1, 1, 1, 1, 2, 2, 1, 1, 1, 1],-1.6749191086372066
2850,-2.0,1,[1, 1, 1, 1, 1, 2, 1, 1, 1, 1, 1, 2, 1, 1, 2, 1, 1, 1, 2, 1, 1, 1, 2, 1, 2, 1, 1, 1, 1, 2, 1, 2, 2, 1, 1, 2, 1, 1, 2, 2, 2, 2, 1, 2, 1, 1, 1, 1, 2, 1],-1.6571691209789061
2900,-2.0,1,[1, 1, 1, 1, 1, 1, 1, 1, 1, 1, 2, 1, 2, 1, 2, 2, 2, 1, 2, 1, 2, 1, 1, 2, 1, 2, 1, 2, 2, 1, 1, 2, 1, 1, 1, 1, 2, 1, 1, 1, 2, 2, 1, 2, 1, 1, 2, 1, 1, 1],-1.6513410405765954
2950,-2.0,1,[1, 1, 1, 1, 1, 1, 1, 2, 1, 2, 1, 1, 1, 2, 2, 1, 2, 2, 2, 1, 1, 1, 2, 1, 1, 1, 3, 2, 1, 1, 1, 2, 1, 1, 1, 1, 1, 1, 1, 1, 1, 1, 2, 2, 1, 2, 2, 1, 2, 2],-1.6315040829113767
3000,-2.0,1,[1, 1, 2, 1, 1, 1, 1, 2, 1, 1, 2, 2, 1, 1, 1, 2, 1, 1, 2, 1, 1, 1, 2, 1, 1, 1, 1, 2, 1, 2, 1, 1, 1, 1, 2, 2, 1, 1, 2, 1, 1, 1, 1, 1, 1, 1, 1, 2, 2, 1],-1.699647125533547
3050,-2.0,1,[2, 2, 1, 1, 1, 2, 1, 1, 1, 2, 1, 1, 1, 1, 2, 1, 1, 1, 2, 1, 1, 1, 1, 1, 1, 1, 2, 1, 1, 1, 1, 2, 1, 1, 1, 2, 1, 1, 2, 2, 1, 1, 2, 2, 1, 2, 1, 1, 1, 2],-1.6755762315553895
3100,-2.0,1,[2, 1, 1, 1, 1, 1, 2, 2, 1, 1, 1, 2, 2, 1, 1, 1, 2, 2, 1, 1, 1, 1, 1, 3, 2, 1, 2, 2, 1, 1, 1, 3, 1, 2, 2, 1, 1, 2, 1, 1, 1, 2, 1, 1, 1, 1, 2, 1, 1, 1],-1.6362563335488396
3150,-2.0,1,[1, 1, 2, 2, 1, 1, 1, 2, 1, 2, 2, 1, 1, 1, 1, 1, 2, 2, 2, 1, 2, 1, 2, 2, 1, 1, 2, 1, 2, 2, 1, 1, 2, 1, 2, 1, 1, 1, 1, 2, 1, 1, 1, 2, 1, 1, 2, 2, 2, 1],-1.5292357037187414
3200,-2.0,1,[1, 1, 1, 2, 1, 1, 2, 2, 1, 1, 1, 1, 1, 1, 1, 1, 2, 1, 1, 1, 1, 2, 1, 1, 2, 1, 1, 1, 1, 1, 1, 1, 2, 2, 1, 2, 1, 1, 1, 2, 1, 1, 1, 2, 1, 2, 1, 2, 1, 2],-1.7129215678464307
3250,-2.0,1,[2, 3, 2, 1, 1, 2, 1, 1, 1, 1, 2, 1, 1, 2, 1, 2, 1, 1, 2, 2, 1, 2, 1, 1, 1, 1, 1, 1, 1, 1, 2, 1, 1, 1, 1, 1, 2, 1, 2, 1, 2, 1, 1, 2, 1, 1, 1, 1, 2, 1],-1.6462247774771182
3300,-2.0,1,[2, 2, 1, 1, 2, 1, 1, 1, 1, 1, 1, 3, 1, 1, 1, 2, 1, 1, 2, 1, 1, 1, 2, 1, 1, 1, 2, 1, 1, 1, 2, 1, 1, 1, 2, 1, 2, 1, 1, 2, 1, 1, 1, 1, 1, 1, 1, 1, 2, 2],-1.6915261481781976
3350,-2.0,1,[2, 1, 1, 1, 1, 1, 2, 2, 1, 1, 1, 1, 2, 1, 1, 2, 1, 1, 1, 1, 1, 1, 1, 1, 2, 1, 2, 1, 2, 1, 1, 1, 1, 2, 1, 1, 1, 2, 2, 1, 2, 2, 1, 2, 1, 1, 1, 2, 1, 1],-1.6965469940497802
3400,-2.0,1,[2, 2, 1, 1, 1, 1, 1, 1, 2, 1, 1, 1, 1, 1, 2, 1, 1, 1, 1, 1, 1, 1, 2, 1, 1, 1, 2, 1, 1, 2, 2, 1, 1, 1, 1, 1, 1, 2, 1, 1, 2, 1, 1, 1, 2, 2, 2, 1, 1, 1],-1.7228950392564966
3450,-2.0,1,[2, 2, 1, 1, 1, 1, 1, 2, 1, 2, 2, 1, 1, 2, 2, 1, 1, 1, 1, 1, 1, 1, 2, 1, 2, 2, 2, 1, 1, 2, 2, 1, 1, 2, 1, 2, 1, 1, 1, 1, 1, 1, 2, 1, 1, 1, 1, 2, 2, 2],-1.5553914478045983
3500,-2.0,1,[2, 1, 1, 1, 2, 1, 2, 1, 1, 2, 1, 1, 2, 2, 2, 1, 1, 2, 1, 1, 2, 1, 1, 1, 1, 1, 1, 1, 1, 1, 1, 1, 1, 1, 2, 2, 2, 1, 1, 2, 1, 2, 1, 2, 2, 2, 1, 2, 1, 1],-1.5853853511515896
3550,-2.0,1,[1, 2, 1, 2, 2, 1, 2, 2, 1, 1, 1, 1, 2, 3, 1, 1, 2, 1, 2, 1, 1, 3, 1, 2, 2, 2, 1, 2, 1, 1, 1, 1, 1, 1, 2, 1, 1, 1, 1, 1, 1, 1, 1, 2, 1, 2, 1, 2, 1, 2],-1.5551291735888078
3600,-2.0,1,[1, 1, 1, 1, 1, 1, 1, 1, 1, 2, 1, 1, 2, 1, 1, 1, 1, 2, 2, 1, 1, 1, 1, 1, 1, 1, 2, 2, 1, 2, 2, 1, 2, 1, 2, 1, 1, 2, 2, 1, 2, 1, 2, 1, 1, 1, 1, 1, 2, 1],-1.6734391504119452
3650,-2.0,1,[1, 2, 1, 1, 1, 3, 1, 1, 1, 1, 2, 1, 1, 1, 1, 1, 1, 1, 1, 1, 1, 1, 1, 1, 1, 1, 1, 1, 1, 2, 1, 1, 1, 1, 1, 1, 2, 2, 1, 1, 2, 1, 1, 1, 1, 1, 2, 2, 1, 1],-1.8187113869320464
3700,-2.0,1,[2, 1, 1, 1, 2, 1, 2, 1, 1, 1, 2, 1, 1, 1, 1, 1, 2, 1, 2, 1, 1, 1, 1, 1, 1, 1, 1, 2, 1, 1, 1, 1, 1, 1, 2, 1, 2, 1, 1, 1, 1, 1, 1, 1, 2, 1, 1, 1, 1, 1],-1.8049886664668693
3750,-2.0,1,[1, 1, 3, 2, 2, 1, 2, 2, 1, 1, 1, 1, 1, 1, 1, 2, 1, 2, 1, 1, 1, 1, 1, 1, 1, 2, 2, 1, 1, 2, 2, 1, 1, 2, 1, 2, 1, 2, 1, 1, 2, 1, 1, 2, 1, 1, 2, 2, 1, 1],-1.5833912620358874
3800,-2.0,1,[1, 1, 2, 1, 2, 1, 1, 2, 1, 1, 1, 2, 2, 2, 2, 1, 2, 2, 1, 2, 1, 1, 1, 1, 2, 1, 2, 1, 1, 1, 1, 2, 2, 1, 1, 1, 1, 2, 1, 1, 1, 1, 1, 2, 1, 1, 2, 1, 1, 2],-1.6168987411372757
3850,-2.0,1,[1, 2, 1, 2, 1, 2, 1, 1, 1, 1, 1, 2, 2, 1, 2, 2, 1, 2, 2, 2, 1, 2, 1, 1, 2, 1, 1, 1, 1, 1, 1, 2, 1, 1, 1, 1, 1, 2, 1, 1, 1, 2, 1, 2, 2, 1, 2, 1, 1, 1],-1.6252719019423103
3900,-2.0,1,[2, 1, 2, 1, 1, 1, 1, 1, 1, 2, 2, 1, 2, 1, 2, 2, 1, 1, 1, 2, 1, 2, 1, 1, 1, 1, 2, 1, 1, 1, 2, 2, 2, 1, 1, 1, 2, 2, 1, 1, 2, 2, 1, 1, 1, 1, 1, 1, 1, 1],-1.6284440343509403
3950,-2.0,1,[1, 2, 2, 1, 1, 1, 1, 1, 1, 1, 1, 2, 1, 2, 1, 1, 2, 1, 2, 2, 2, 1, 1, 1, 1, 1, 1, 1, 1, 2, 1, 1, 2, 1, 2, 2, 1, 1, 1, 2, 2, 1, 2, 1, 2, 1, 1, 1, 1, 1],-1.6457875588268545
4000,-2.0,1,[2, 3, 1, 2, 1, 1, 1, 1, 1, 1, 1, 2, 2, 2, 1, 1, 1, 2, 1, 1, 1, 1, 2, 2, 1, 1, 2, 2, 2, 2, 2, 2, 1, 1, 1, 2, 1, 1, 1, 2, 1, 1, 2, 1, 1, 1, 1, 1, 1, 1],-1.6012843804419103
4050,-2.0,1,[1, 2, 2, 1, 1, 1, 1, 2, 1, 1, 2, 2, 1, 2, 1, 1, 2, 1, 1, 1, 1, 2, 1, 1, 1, 1, 2, 1, 2, 2, 2, 1, 1, 1, 1, 1, 1, 2, 1, 1, 2, 1, 1, 1, 1, 2, 2, 1, 1, 1],-1.680961622709893
4100,-2.0,1,[1, 1, 2, 1, 2, 1, 1, 2, 1, 2, 1, 3, 1, 1, 2, 1, 1, 1, 1, 2, 1, 2, 2, 1, 2, 1, 2, 1, 1, 1, 2, 2, 1, 1, 2, 1, 2, 2, 1, 1, 2, 2, 1, 1, 1, 1, 1, 1, 2, 1],-1.5624189473624248
4150,-2.0,1,[1, 1, 2, 2, 1, 1, 2, 1, 2, 1, 2, 1, 2, 2, 2, 1, 2, 1, 1, 1, 1, 1, 1, 1, 1, 1, 1, 1, 1, 2, 3, 1, 1, 1, 1, 1, 2, 1, 2, 2, 1, 1, 1, 2, 1, 1, 1, 1, 1, 2],-1.6494346769461241
4200,-2.0,1,[1, 2, 1, 1, 1, 2, 2, 1, 1, 2, 1, 1, 2, 2, 1, 1, 1, 1, 1, 1, 1, 2, 1, 1, 1, 1, 1, 1, 1, 1, 1, 1, 2, 1, 1, 1, 1, 2, 2, 2, 1, 2, 1, 1, 1, 2, 1, 1, 2, 1],-1.7248766105628723
4250,-2.0,1,[1, 2, 2, 2, 1, 2, 2, 2, 1, 1, 1, 1, 2, 1, 1, 1, 2, 2, 1, 2, 1, 2, 1, 2, 1, 1, 1, 2, 1, 2, 2, 1, 2, 1, 2, 2, 1, 2, 2, 1, 2, 2, 1, 1, 1, 2, 2, 2, 1, 1],-1.416387546176031
4300,-2.0,1,[1, 2, 2, 1, 1, 1, 1, 2, 1, 1, 1, 2, 2, 1, 2, 2, 1, 1, 1, 1, 2, 2, 2, 1, 1, 2, 1, 2, 2, 2, 2, 1, 1, 2, 1, 1, 2, 1, 2, 1, 1, 2, 2, 2, 1, 1, 2, 2, 1, 2],-1.4529123590288293
4350,-2.0,1,[1, 2, 2, 1, 1, 1, 1, 1, 1, 1, 1, 2, 1, 2, 2, 1, 2, 2, 1, 2, 1, 1, 1, 1, 2, 1, 2, 2, 1, 1, 1, 1, 2, 1, 2, 2, 1, 1, 2, 1, 1, 1, 5, 1, 2, 2, 1, 1, 1, 1],-1.6173052304193083
4400,-2.0,1,[2, 2, 1, 1, 1, 1, 1, 1, 1, 1, 2, 2, 2, 1, 2, 2, 2, 2, 2, 2, 1, 2, 2, 1, 2, 1, 2, 1, 1, 2, 2, 1, 1, 1, 1, 2, 2, 1, 1, 1, 1, 1, 2, 2, 1, 1, 2, 1, 1, 1],-1.5059038591353993
4450,-2.0,1,[1, 1, 1, 1, 1, 1, 2, 2, 1, 1, 1, 1, 2, 1, 1, 2, 1, 1, 1, 1, 2, 1, 2, 2, 1, 1, 3, 2, 1, 1, 1, 2, 2, 1, 1, 1, 2, 2, 1, 1, 1, 1, 2, 1, 1, 1, 1, 2, 1, 1],-1.684398433233186
4500,-2.0,1,[1, 2, 1, 1, 1, 2, 2, 1, 1, 1, 1, 1, 1, 1, 1, 1, 2, 1, 1, 1, 2, 2, 1, 1, 1, 1, 3, 1, 2, 1, 2, 1, 2, 1, 2, 1, 2, 2, 2, 1, 1, 1, 1, 1, 2, 1, 1, 1, 2, 2],-1.6352616044246262
4550,-2.0,1,[2, 1, 1, 1, 1, 1, 2, 2, 1, 2, 1, 2, 1, 1, 1, 1, 1, 2, 1, 1, 1, 1, 2, 1, 2, 2, 1, 1, 1, 1, 1, 1, 1, 2, 1, 1, 1, 1, 2, 1, 2, 1, 1, 2, 1, 1, 1, 2, 1, 1],-1.7066606339355257
4600,-2.0,1,[2, 1, 2, 1, 2, 1, 2, 2, 1, 1, 1, 3, 1, 1, 1, 1, 2, 1, 2, 1, 1, 2, 2, 2, 2, 2, 2, 1, 1, 1, 1, 1, 1, 2, 1, 1, 1, 1, 1, 1, 1, 1, 1, 1, 1, 1, 2, 1, 1, 1],-1.6703426503376104
4650,-2.0,1,[2, 1, 1, 1, 2, 1, 1, 1, 1, 1, 1, 1, 1, 1, 4, 1, 2, 1, 1, 2, 2, 2, 1, 1, 1, 1, 2, 2, 1, 1, 1, 1, 2, 2, 2, 1, 1, 1, 2, 1, 1, 1, 1, 2, 1, 1, 1, 2, 2, 2],-1.6143888959436221
4700,-2.0,1,[1, 3, 1, 1, 1, 1, 1, 1, 1, 2, 1, 2, 1, 2, 1, 1, 1, 1, 1, 1, 1, 2, 2, 1, 2, 2, 1, 1, 2, 1, 1, 2, 1, 1, 2, 1, 1, 1, 1, 2, 1, 2, 2, 2, 1, 1, 1, 1, 1, 1],-1.6840158442844202
4750,-2.0,1,[1, 2, 1, 1, 2, 1, 2, 1, 1, 1, 1, 1, 2, 2, 1, 1, 2, 1, 2, 1, 1, 1, 1, 1, 2, 1, 2, 1, 1, 2, 1, 1, 1, 1, 1, 1, 1, 1, 1, 1, 1, 2, 1, 1, 2, 1, 1, 1, 1, 2],-1.7473580435113238
4800,-2.0,1,[1, 1, 2, 1, 1, 1, 2, 2, 1, 1, 1, 1, 1, 2, 2, 1, 1, 1, 1, 2, 1, 2, 1, 1, 1, 1, 1, 1, 1, 2, 1, 1, 1, 1, 1, 1, 2, 1, 1, 1, 1, 1, 2, 2, 1, 2, 1, 1, 2, 2],-1.7121160134030555
4850,-2.0,1,[2, 2, 1, 2, 1, 1, 1, 1, 2, 1, 1, 1, 1, 1, 1, 1, 2, 1, 1, 1, 2, 2, 2, 2, 2, 2, 1, 1, 1, 1, 1, 1, 1, 1, 2, 1, 2, 2, 1, 2, 2, 1, 1, 2, 2, 1, 1, 1, 1, 1],-1.6079209375987993
4900,-2.0,1,[1, 1, 1, 1, 1, 1, 3, 1, 1, 2, 1, 2, 2, 1, 1, 2, 2, 1, 2, 1, 2, 1, 1, 1, 1, 1, 2, 1, 1, 2, 2, 2, 2, 1, 1, 2, 2, 2, 1, 2, 1, 1, 2, 2, 2, 1, 1, 2, 2, 1],-1.484029751350623
4950,-2.0,1,[1, 1, 2, 2, 1, 3, 1, 1, 2, 2, 2, 2, 2, 1, 1, 2, 1, 2, 1, 1, 1, 1, 1, 2, 2, 2, 2, 1, 1, 2, 1, 2, 2, 2, 1, 1, 1, 1, 1, 1, 1, 1, 1, 1, 1, 1, 1, 1, 1, 1],-1.588923927807733
5000,-2.0,1,[2, 1, 2, 1, 1, 1, 1, 1, 1, 2, 1, 1, 2, 2, 2, 1, 1, 1, 3, 2, 2, 1, 1, 1, 1, 1, 2, 1, 1, 1, 1, 2, 1, 1, 1, 1, 2, 1, 1, 1, 1, 1, 1, 2, 1, 1, 2, 1, 1, 1],-1.7074891691479712
5050,-1.0,2,[1, 2, 2, 1, 1, 1, 1, 2, 2, 1, 2, 2, 2, 2, 2, 1, 2, 2, 2, 2, 2, 2, 2, 2, 4, 1, 2, 2, 2, 2, 1, 3, 1, 2, 2, 2, 4, 2, 1, 2, 2, 2, 2, 1, 2, 3, 2, 2, 2, 2],-0.8287126244203933
5100,-1.0,2,[2, 2, 1, 2, 2, 2, 2, 2, 2, 1, 1, 1, 2, 2, 2, 1, 1, 2, 1, 2, 2, 2, 1, 2, 2, 1, 2, 2, 2, 1, 2, 2, 1, 2, 2, 2, 2, 2, 2, 2, 2, 2, 2, 2, 1, 2, 1, 2, 2, 2],-1.013659281912881
5150,-1.0,2,[1, 2, 2, 1, 2, 1, 2, 2, 3, 2, 1, 3, 2, 1, 2, 1, 3, 2, 2, 2, 2, 2, 1, 2, 2, 1, 3, 2, 2, 2, 2, 2, 2, 1, 2, 2, 2, 4, 2, 2, 3, 1, 2, 2, 2, 3, 2, 1, 1, 1],-0.7541175023966156
5200,-1.0,2,[2, 2, 2, 2, 2, 2, 1, 2, 1, 2, 2, 1, 2, 2, 1, 2, 3, 2, 2, 2, 2, 1, 3, 2, 1, 3, 2, 2, 1, 1, 2, 2, 2, 1, 1, 2, 2, 1, 2, 2, 1, 3, 1, 1, 2, 2, 1, 2, 2, 1],-0.9856125966270538
5250,-1.0,2,[2, 2, 1, 2, 2, 1, 2, 1, 2, 1, 1, 3, 2, 2, 2, 2, 2, 1, 2, 2, 2, 2, 1, 2, 2, 2, 2, 2, 2, 2, 2, 1, 2, 2, 2, 2, 2, 1, 1, 1, 2, 1, 2, 1, 2, 2, 2, 2, 1, 2],-1.0174290121116651
5300,-1.0,2,[2, 2, 2, 2, 1, 2, 4, 3, 1, 2, 1, 3, 1, 2, 2, 1, 1, 2, 2, 2, 2, 2, 2, 2, 1, 2, 2, 2, 2, 2, 2, 2, 2, 2, 2, 1, 1, 2, 2, 2, 2, 2, 2, 1, 1, 2, 3, 2, 1, 2],-0.8212596219672699
5350,-1.0,2,[1, 1, 2, 1, 1, 1, 1, 2, 2, 2, 2, 3, 2, 2, 1, 2, 1, 1, 1, 1, 1, 2, 2, 2, 2, 2, 1, 2, 1, 1, 2, 1, 2, 2, 1, 1, 2, 2, 3, 2, 2, 2, 2, 2, 1, 2, 2, 2, 2, 2],-1.1674438521709802
5400,-1.0,2,[2, 2, 2, 1, 2, 1, 2, 1, 2, 1, 2, 2, 1, 3, 2, 1, 2, 2, 2, 2, 1, 1, 2, 1, 2, 2, 2, 2, 1, 4, 4, 1, 2, 2, 2, 1, 2, 1, 2, 1, 2, 2, 1, 2, 1, 2, 2, 1, 2, 1],-1.1188127831847623
5450,-1.0,2,[2, 2, 2, 1, 1, 2, 2, 2, 2, 2, 1, 2, 2, 2, 1, 2, 1, 2, 2, 1, 2, 2, 2, 4, 2, 2, 2, 1, 1, 2, 1, 2, 2, 2, 2, 1, 1, 2, 2, 2, 3, 2, 2, 2, 2, 2, 2, 2, 1, 2],-0.9075351182057335
5500,-1.0,2,[1, 1, 2, 2, 2, 2, 2, 2, 2, 2, 3, 3, 2, 2, 2, 1, 2, 1, 1, 2, 1, 1, 2, 1, 2, 1, 2, 1, 1, 2, 3, 1, 1, 1, 1, 2, 2, 2, 2, 2, 2, 2, 2, 2, 2, 2, 2, 2, 2, 2],-0.9776368508457144
5550,-1.0,2,[2, 2, 2, 2, 1, 1, 1, 2, 2, 2, 2, 1, 2, 1, 2, 3, 2, 2, 2, 4, 1, 2, 2, 2, 2, 1, 2, 2, 2, 2, 1, 2, 2, 2, 2, 1, 2, 2, 1, 2, 1, 3, 2, 2, 1, 2, 2, 2, 1, 2],-0.9080677337351588
5600,-1.0,2,[1, 2, 2, 2, 2, 2, 2, 1, 1, 2, 2, 2, 1, 3, 1, 2, 2, 1, 2, 1, 1, 2, 2, 2, 1, 2, 2, 1, 1, 2, 2, 2, 2, 2, 4, 2, 2, 1, 1, 2, 2, 2, 2, 1, 2, 2, 2, 2, 1, 2],-1.0415572406014082
5650,-1.0,2,[3, 2, 2, 1, 2, 2, 2, 2, 2, 2, 3, 2, 2, 1, 2, 1, 2, 2, 2, 1, 1, 2, 2, 2, 1, 2, 2, 1, 1, 2, 2, 2, 2, 2, 1, 2, 2, 1, 1, 4, 2, 2, 2, 2, 2, 1, 1, 2, 2, 1],-0.9663815423368911
5700,-1.0,2,[1, 2, 2, 1, 2, 2, 2, 2, 2, 2, 1, 2, 2, 1, 1, 2, 2, 2, 1, 2, 2, 2, 2, 2, 2, 2, 1, 2, 2, 1, 1, 2, 2, 3, 2, 2, 2, 2, 2, 2, 2, 2, 2, 1, 2, 2, 2, 2, 1, 2],-0.9020590053727404
5750,-1.0,2,[2, 2, 2, 2, 2, 1, 2, 2, 2, 2, 2, 2, 2, 2, 2, 1, 1, 2, 3, 1, 2, 2, 2, 1, 2, 2, 1, 2, 1, 2, 1, 2, 1, 1, 2, 1, 2, 1, 2, 2, 2, 1, 2, 1, 2, 2, 2, 2, 1, 2],-1.0404001284650948
5800,-1.0,2,[2, 2, 2, 2, 2, 3, 2, 3, 2, 2, 3, 2, 2, 2, 2, 2, 2, 1, 2, 1, 1, 2, 2, 1, 2, 1, 2, 2, 2, 2, 2, 1, 1, 1, 2, 2, 2, 2, 3, 2, 1, 2, 1, 2, 2, 1, 1, 1, 2, 2],-0.8789880149839793
5850,-1.0,2,[1, 2, 3, 2, 2, 2, 2, 2, 2, 2, 1, 1, 1, 4, 2, 3, 2, 1, 2, 2, 1, 2, 2, 2, 2, 2, 3, 2, 2, 2, 2, 1, 2, 1, 2, 2, 2, 1, 1, 1, 2, 3, 2, 2, 2, 1, 2, 2, 3, 2],-0.7505062290719211
5900,-1.0,2,[2, 2, 2, 2, 2, 2, 1, 2, 2, 2, 2, 1, 2, 2, 2, 2, 2, 2, 1, 1, 1, 2, 1, 2, 2, 1, 3, 2, 2, 2, 2, 3, 1, 2, 2, 1, 2, 2, 1, 2, 2, 2, 2, 4, 2, 1, 2, 1, 2, 2],-0.8650774102835622
5950,-1.0,2,[2, 1, 3, 3, 1, 2, 2, 2, 1, 2, 2, 2, 1, 2, 2, 1, 2, 2, 1, 2, 2, 2, 1, 2, 2, 2, 2, 2, 2, 1, 2, 1, 1, 2, 2, 2, 2, 2, 1, 2, 1, 1, 2, 2, 2, 2, 2, 2, 2, 2],-0.9392016971310243
6000,-1.0,2,[2, 2, 2, 2, 4, 2, 3, 2, 2, 1, 4, 2, 2, 1, 4, 2, 1, 2, 1, 1, 1, 3, 2, 1, 2, 2, 2, 2, 1, 2, 2, 2, 2, 2, 2, 1, 1, 1, 3, 2, 2, 1, 2, 2, 2, 2, 1, 2, 2, 2],-0.7713004009146198
6050,-1.0,2,[2, 2, 2, 2, 2, 3, 1, 2, 2, 2, 2, 2, 1, 2, 2, 2, 2, 2, 2, 1, 2, 1, 1, 2, 2, 2, 2, 1, 3, 2, 1, 2, 2, 2, 1, 2, 1, 2, 2, 2, 1, 2, 2, 1, 2, 2, 2, 2, 2, 2],-0.868212076423407
6100,-1.0,2,[1, 3, 2, 2, 2, 1, 1, 2, 2, 1, 2, 2, 1, 1, 1, 1, 1, 2, 2, 1, 1, 1, 2, 1, 2, 2, 1, 2, 1, 2, 1, 1, 2, 2, 2, 2, 1, 2, 2, 1, 2, 2, 1, 1, 1, 2, 1, 2, 2, 2],-1.3092809833549455
6150,-1.0,2,[2, 1, 2, 2, 2, 1, 2, 2, 2, 1, 2, 2, 2, 2, 2, 3, 2, 1, 2, 2, 2, 1, 2, 1, 2, 2, 1, 2, 2, 2, 2, 3, 2, 2, 2, 3, 2, 2, 1, 2, 2, 2, 2, 1, 2, 2, 1, 2, 2, 2],-0.7656340551256461
6200,-1.0,2,[2, 2, 2, 2, 2, 2, 2, 2, 2, 2, 2, 1, 2, 1, 1, 3, 1, 2, 3, 2, 1, 2, 2, 1, 2, 2, 2, 2, 2, 2, 2, 2, 2, 1, 1, 2, 2, 2, 2, 2, 2, 2, 3, 3, 2, 1, 2, 2, 2, 2],-0.70718089246068
6250,-1.0,2,[1, 3, 2, 2, 3, 2, 2, 1, 2, 2, 3, 2, 2, 2, 2, 2, 2, 2, 3, 1, 1, 2, 2, 2, 2, 1, 2, 1, 1, 1, 2, 1, 2, 1, 2, 1, 3, 2, 1, 2, 2, 2, 1, 3, 2, 1, 2, 2, 2, 2],-0.8569505538186587
6300,-1.0,2,[2, 1, 2, 2, 1, 2, 2, 1, 2, 2, 1, 2, 2, 2, 2, 2, 2, 2, 1, 2, 2, 2, 2, 1, 1, 1, 2, 3, 2, 2, 2, 2, 1, 1, 2, 3, 2, 1, 2, 2, 1, 3, 1, 1, 2, 3, 2, 2, 2, 1],-0.9666816160591263
6350,-1.0,2,[2, 2, 2, 2, 2, 2, 2, 2, 2, 1, 1, 2, 2, 2, 1, 2, 2, 2, 2, 1, 1, 2, 2, 2, 2, 2, 1, 2, 2, 1, 1, 3, 2, 1, 2, 2, 2, 2, 2, 2, 2, 2, 2, 1, 5, 2, 2, 2, 1, 2],-0.9229508966264947
6400,-1.0,2,[2, 2, 1, 3, 2, 2, 2, 2, 1, 1, 2, 1, 2, 2, 2, 1, 2, 2, 2, 2, 2, 3, 2, 2, 2, 2, 2, 1, 2, 2, 1, 2, 2, 1, 2, 1, 2, 2, 2, 1, 2, 4, 3, 4, 1, 2, 3, 2, 1, 1],-0.8017014047284633
6450,-1.0,2,[2, 2, 1, 3, 1, 2, 1, 2, 2, 2, 2, 2, 2, 1, 2, 3, 2, 2, 2, 2, 1, 2, 2, 2, 1, 1, 2, 2, 2, 2, 2, 1, 1, 2, 2, 3, 2, 2, 2, 1, 2, 3, 2, 2, 2, 2, 2, 2, 2, 2],-0.7630650635703844
6500,-1.0,2,[1, 2, 2, 2, 2, 2, 1, 2, 1, 2, 2, 2, 1, 2, 2, 3, 2, 2, 2, 2, 1, 2, 2, 2, 2, 2, 2, 2, 2, 1, 1, 2, 2, 2, 1, 2, 1, 2, 1, 2, 2, 2, 1, 1, 1, 2, 3, 2, 1, 2],-0.9848732366510223
6550,-1.0,2,[2, 1, 2, 1, 2, 2, 2, 2, 1, 2, 2, 2, 2, 1, 2, 2, 1, 2, 2, 2, 2, 1, 2, 2, 1, 2, 2, 2, 2, 2, 1, 2, 2, 2, 1, 1, 2, 2, 1, 1, 2, 3, 1, 2, 2, 3, 1, 2, 1, 2],-1.0036706794937587
6600,-1.0,2,[1, 2, 2, 2, 2, 2, 2, 2, 2, 2, 1, 1, 2, 2, 1, 1, 2, 2, 1, 2, 1, 1, 2, 4, 1, 2, 2, 2, 2, 2, 2, 2, 2, 3, 1, 1, 2, 2, 3, 1, 2, 1, 2, 2, 2, 2, 2, 1, 2, 1],-1.0063194224968421
6650,-1.0,2,[2, 3, 2, 2, 2, 1, 2, 1, 1, 2, 2, 2, 2, 2, 2, 2, 2, 1, 2, 2, 2, 1, 2, 1, 2, 2, 3, 1, 2, 2, 2, 2, 2, 1, 1, 1, 2, 2, 1, 2, 1, 2, 2, 1, 1, 1, 4, 1, 2, 2],-1.0232930541030798
6700,-1.0,2,[2, 2, 2, 1, 2, 1, 3, 2, 2, 2, 3, 2, 2, 4, 1, 2, 2, 2, 2, 2, 2, 1, 2, 2, 2, 2, 3, 2, 3, 2, 2, 2, 2, 1, 2, 1, 2, 2, 2, 2, 2, 1, 1, 1, 1, 2, 1, 2, 2, 2],-0.7395674313595987
6750,-1.0,2,[2, 2, 2, 3, 2, 2, 2, 2, 2, 2, 1, 2, 2, 2, 2, 3, 2, 2, 2, 2, 3, 2, 1, 2, 1, 2, 2, 1, 2, 2, 1, 2, 2, 1, 2, 2, 2, 1, 2, 2, 1, 2, 2, 3, 1, 2, 2, 2, 2, 1],-0.7850381224674776
6800,-1.0,2,[2, 2, 1, 1, 2, 2, 3, 2, 2, 1, 1, 2, 2, 3, 2, 2, 2, 2, 1, 2, 4, 1, 2, 2, 2, 2, 2, 2, 1, 1, 3, 2, 3, 2, 2, 1, 1, 2, 2, 1, 1, 2, 2, 1, 2, 2, 2, 2, 4, 2],-0.7903515309047058
6850,-1.0,2,[2, 2, 2, 2, 4, 2, 3, 3, 1, 2, 3, 2, 2, 1, 2, 2, 1, 2, 2, 2, 1, 2, 2, 3, 2, 2, 2, 2, 2, 2, 1, 2, 2, 1, 2, 3, 2, 1, 5, 2, 2, 2, 1, 2, 1, 2, 2, 2, 1, 2],-0.6746691190286147
6900,-1.0,2,[2, 2, 2, 2, 2, 1, 3, 2, 1, 1, 2, 2, 2, 1, 2, 2, 1, 2, 1, 2, 2, 1, 1, 2, 2, 2, 1, 2, 1, 1, 2, 1, 2, 2, 2, 2, 1, 2, 1, 2, 2, 2, 2, 2, 2, 1, 2, 1, 1, 1],-1.1342076734055624
6950,-1.0,2,[2, 3, 2, 2, 2, 2, 3, 2, 4, 2, 2, 2, 1, 3, 2, 2, 3, 2, 1, 2, 1, 1, 2, 2, 2, 1, 2, 2, 2, 2, 1, 2, 2, 2, 1, 1, 1, 1, 2, 2, 2, 2, 2, 3, 2, 2, 2, 2, 2, 2],-0.6647058821701206
7000,-1.0,2,[2, 1, 2, 2, 2, 2, 2, 2, 2, 2, 2, 2, 2, 2, 1, 3, 2, 2, 2, 1, 2, 1, 3, 1, 2, 2, 2, 2, 2, 2, 2, 2, 1, 2, 2, 1, 1, 2, 2, 1, 1, 2, 1, 2, 2, 2, 2, 2, 1, 2],-0.9036849906132307
7050,-1.0,2,[2, 2, 1, 5, 2, 1, 2, 2, 1, 2, 2, 2, 2, 2, 2, 2, 2, 2, 2, 2, 2, 1, 2, 2, 2, 2, 2, 2, 2, 2, 2, 3, 2, 2, 2, 2, 3, 2, 2, 2, 2, 2, 1, 2, 2, 1, 2, 2, 1, 4],-0.6656260935064499
7100,-1.0,2,[1, 3, 2, 1, 2, 3, 2, 3, 1, 1, 3, 2, 2, 2, 2, 1, 2, 1, 1, 1, 1, 3, 1, 2, 1, 3, 2, 2, 1, 2, 2, 2, 2, 3, 2, 2, 1, 2, 1, 1, 2, 2, 2, 1, 1, 2, 2, 1, 4, 2],-0.9521064521581759
7150,-1.0,2,[1, 3, 1, 2, 2, 2, 2, 2, 2, 1, 1, 1, 2, 2, 2, 2, 2, 2, 1, 2, 1, 4, 2, 1, 1, 1, 2, 1, 2, 2, 2, 1, 2, 2, 2, 2, 1, 2, 2, 1, 3, 2, 2, 1, 1, 3, 1, 2, 2, 2],-1.0226568334536175
7200,-1.0,2,[2, 2, 3, 2, 1, 2, 2, 2, 2, 1, 1, 2, 1, 2, 2, 2, 2, 2, 1, 2, 1, 2, 2, 2, 4, 2, 2, 2, 2, 2, 2, 3, 1, 2, 2, 1, 2, 2, 2, 2, 2, 2, 1, 2, 1, 1, 2, 2, 2, 2],-0.8538267221459189
7250,-1.0,2,[2, 2, 1, 1, 1, 2, 3, 2, 2, 1, 2, 2, 1, 1, 2, 3, 2, 2, 2, 2, 2, 2, 1, 1, 2, 1, 2, 2, 1, 1, 2, 2, 2, 1, 1, 2, 2, 2, 1, 2, 3, 2, 2, 1, 2, 1, 1, 2, 1, 2],-1.1061722325564876
7300,-1.0,2,[1, 2, 2, 2, 2, 2, 1, 2, 2, 2, 2, 2, 2, 1, 2, 1, 2, 2, 1, 2, 2, 3, 2, 2, 2, 3, 2, 2, 2, 1, 2, 2, 2, 2, 4, 2, 2, 2, 2, 1, 2, 2, 2, 3, 1, 1, 2, 2, 2, 1],-0.7681367882151415
7350,-1.0,2,[3, 2, 2, 2, 2, 2, 3, 2, 3, 1, 2, 2, 2, 2, 2, 2, 2, 2, 2, 2, 2, 3, 1, 2, 2, 1, 2, 1, 2, 2, 2, 3, 2, 2, 1, 1, 2, 2, 3, 1, 2, 1, 2, 1, 2, 1, 2, 2, 1, 2],-0.7307716527215609
7400,-1.0,2,[1, 2, 2, 2, 2, 1, 2, 2, 2, 1, 1, 2, 2, 1, 1, 2, 1, 2, 2, 2, 1, 2, 2, 1, 2, 1, 2, 2, 1, 1, 2, 1, 2, 1, 1, 2, 2, 1, 1, 2, 2, 2, 4, 2, 2, 2, 2, 2, 1, 2],-1.1614072905320956
7450,-1.0,2,[2, 2, 2, 2, 4, 2, 2, 2, 1, 2, 2, 2, 2, 1, 2, 2, 3, 2, 2, 1, 1, 3, 1, 3, 1, 2, 2, 2, 2, 2, 2, 2, 2, 3, 2, 2, 1, 1, 1, 2, 2, 2, 2, 1, 2, 1, 2, 2, 2, 2],-0.7609933207278975
7500,-1.0,2,[2, 2, 2, 2, 1, 2, 2, 2, 1, 2, 1, 2, 1, 3, 2, 1, 4, 2, 2, 2, 2, 1, 1, 2, 2, 4, 2, 2, 2, 2, 2, 2, 2, 2, 2, 2, 2, 2, 2, 1, 2, 2, 1, 2, 2, 2, 1, 1, 1, 2],-0.8645041248632076
7550,-1.0,2,[2, 2, 2, 2, 1, 1, 2, 1, 1, 1, 2, 3, 2, 2, 1, 2, 2, 1, 2, 2, 1, 3, 3, 2, 2, 2, 2, 1, 2, 1, 2, 2, 2, 1, 2, 2, 3, 1, 2, 2, 2, 2, 2, 2, 1, 3, 2, 1, 1, 2],-0.9487735027514814
7600,-1.0,2,[2, 2, 2, 1, 2, 2, 2, 2, 2, 4, 3, 1, 2, 2, 2, 1, 1, 3, 2, 2, 2, 1, 2, 1, 2, 1, 2, 2, 2, 1, 2, 2, 2, 3, 2, 2, 2, 2, 2, 2, 2, 1, 2, 2, 1, 3, 2, 2, 2, 2],-0.6933365434471316
7650,-1.0,2,[1, 2, 2, 2, 2, 2, 2, 2, 2, 1, 2, 2, 1, 3, 1, 1, 1, 2, 3, 2, 2, 1, 2, 2, 1, 4, 2, 1, 2, 2, 1, 2, 1, 2, 2, 2, 3, 2, 1, 1, 2, 1, 1, 2, 1, 2, 2, 2, 2, 1],-1.0546259961923834
7700,-1.0,2,[2, 2, 2, 2, 2, 1, 2, 3, 2, 2, 2, 3, 2, 1, 2, 2, 2, 3, 1, 2, 2, 2, 2, 2, 2, 2, 3, 2, 2, 1, 2, 1, 2, 2, 2, 2, 1, 2, 3, 1, 2, 1, 2, 3, 1, 1, 2, 2, 2, 2],-0.6631080032302977
7750,-1.0,2,[2, 2, 1, 1, 2, 1, 2, 2, 3, 2, 1, 2, 2, 2, 2, 2, 2, 2, 2, 1, 2, 2, 1, 1, 2, 3, 2, 2, 1, 2, 2, 2, 2, 3, 1, 1, 3, 2, 2, 1, 2, 1, 2, 1, 2, 2, 2, 1, 2, 2],-0.9316644996675494
7800,-1.0,2,[2, 3, 2, 2, 2, 1, 1, 1, 2, 1, 2, 2, 2, 2, 1, 3, 3, 1, 2, 2, 1, 2, 2, 2, 2, 2, 2, 2, 2, 4, 2, 2, 2, 2, 2, 2, 2, 2, 1, 2, 1, 1, 2, 1, 1, 2, 1, 2, 1, 2],-0.910739268774613
7850,-1.0,2,[1, 1, 1, 1, 2, 3, 2, 1, 1, 1, 1, 1, 2, 2, 1, 2, 2, 1, 1, 1, 1, 2, 2, 1, 1, 2, 2, 2, 2, 2, 3, 1, 2, 1, 2, 3, 2, 2, 2, 1, 1, 2, 1, 3, 1, 2, 2, 2, 1, 1],-1.3062771925975118
7900,-1.0,2,[2, 1, 3, 1, 2, 3, 2, 2, 1, 2, 1, 2, 2, 2, 1, 4, 3, 2, 2, 2, 2, 1, 2, 2, 2, 2, 2, 2, 2, 2, 2, 2, 2, 1, 2, 2, 2, 1, 2, 2, 2, 1, 1, 2, 4, 3, 2, 1, 2, 2],-0.6933121825714763
7950,-1.0,2,[2, 1, 2, 2, 1, 2, 2, 1, 3, 1, 2, 2, 2, 2, 2, 1, 2, 2, 2, 2, 2, 2, 2, 2, 2, 1, 2, 2, 1, 1, 2, 3, 1, 1, 2, 2, 2, 2, 2, 2, 2, 2, 1, 2, 2, 2, 3, 3, 2, 1],-0.8531497433281895
8000,-1.0,2,[1, 1, 2, 2, 2, 2, 1, 2, 2, 1, 2, 2, 2, 2, 2, 1, 2, 2, 3, 2, 2, 1, 2, 2, 2, 2, 2, 2, 2, 2, 2, 2, 1, 2, 2, 2, 2, 1, 2, 2, 2, 3, 2, 2, 2, 2, 2, 1, 2, 1],-0.8284859444959227
8050,-1.0,2,[2, 1, 1, 2, 2, 2, 3, 2, 2, 1, 2, 1, 1, 1, 2, 2, 3, 1, 1, 1, 1, 2, 2, 2, 2, 2, 2, 2, 3, 1, 2, 2, 2, 2, 2, 2, 1, 2, 1, 2, 2, 2, 2, 2, 2, 2, 1, 2, 2, 1],-0.9832642132336257
8100,-1.0,2,[1, 2, 2, 1, 2, 2, 2, 2, 1, 2, 2, 2, 2, 1, 1, 2, 1, 2, 2, 2, 2, 2, 2, 1, 1, 2, 3, 1, 3, 2, 2, 2, 2, 1, 2, 1, 3, 2, 2, 2, 1, 3, 1, 1, 1, 2, 2, 2, 3, 1],-0.9711298026970024
8150,-1.0,2,[1, 2, 2, 2, 2, 2, 2, 2, 3, 1, 2, 3, 2, 2, 2, 2, 2, 2, 1, 2, 1, 2, 2, 1, 1, 1, 3, 2, 4, 1, 2, 2, 2, 1, 1, 2, 3, 2, 2, 2, 1, 1, 2, 2, 2, 2, 2, 2, 1, 1],-0.8920087943143241
8200,-1.0,2,[2, 2, 2, 2, 1, 2, 3, 1, 2, 2, 2, 1, 2, 1, 2, 2, 2, 2, 5, 2, 1, 5, 1, 2, 2, 2, 1, 2, 2, 2, 1, 2, 2, 2, 1, 2, 2, 2, 2, 1, 2, 2, 2, 2, 2, 3, 2, 2, 2, 2],-0.8422380799097718
8250,-1.0,2,[2, 2, 2, 2, 1, 1, 1, 2, 2, 2, 3, 1, 1, 2, 2, 2, 2, 1, 1, 1, 2, 2, 2, 3, 1, 2, 2, 1, 2, 2, 2, 1, 2, 2, 2, 2, 2, 2, 3, 2, 2, 1, 2, 2, 2, 1, 3, 1, 2, 2],-0.9180299526796399
8300,-1.0,2,[2, 1, 2, 1, 2, 2, 2, 1, 1, 2, 2, 2, 1, 1, 1, 1, 2, 2, 2, 2, 1, 1, 2, 2, 2, 2, 2, 2, 2, 1, 2, 2, 1, 2, 2, 2, 1, 2, 1, 2, 1, 2, 2, 2, 2, 1, 3, 2, 2, 2],-1.0813669062223568
8350,-1.0,2,[2, 2, 2, 2, 2, 1, 2, 2, 1, 2, 2, 2, 2, 2, 2, 1, 3, 3, 2, 1, 2, 2, 2, 1, 2, 2, 2, 2, 1, 2, 2, 3, 2, 2, 2, 3, 1, 2, 2, 2, 1, 2, 1, 1, 1, 2, 2, 2, 2, 2],-0.7909315098558598
8400,-1.0,2,[1, 2, 2, 2, 2, 2, 3, 2, 2, 2, 1, 1, 2, 2, 2, 2, 2, 2, 1, 4, 2, 2, 3, 2, 2, 2, 1, 1, 2, 1, 3, 1, 2, 2, 2, 3, 3, 2, 1, 2, 2, 2, 2, 3, 2, 2, 2, 2, 3, 2],-0.5257775220028907
8450,-1.0,2,[1, 1, 2, 1, 2, 2, 1, 2, 1, 2, 1, 3, 3, 1, 2, 2, 2, 2, 3, 2, 2, 1, 2, 3, 2, 2, 1, 2, 2, 2, 1, 2, 2, 2, 2, 2, 2, 2, 2, 2, 2, 2, 2, 2, 1, 2, 2, 2, 2, 1],-0.8152474630073755
8500,-1.0,2,[2, 2, 2, 3, 1, 3, 2, 2, 2, 2, 2, 3, 2, 2, 2, 2, 2, 1, 1, 1, 2, 1, 2, 2, 2, 1, 3, 2, 1, 2, 2, 1, 2, 2, 2, 2, 1, 2, 1, 2, 2, 2, 2, 2, 1, 1, 3, 2, 4, 2],-0.7464658204686734
8550,-1.0,2,[3, 2, 2, 1, 1, 2, 1, 1, 2, 2, 2, 3, 2, 2, 1, 2, 2, 2, 2, 2, 2, 2, 2, 2, 2, 3, 2, 1, 1, 2, 2, 2, 2, 1, 2, 2, 1, 2, 1, 1, 2, 1, 1, 2, 1, 3, 2, 2, 2, 1],-0.9599198696878781
8600,-1.0,2,[2, 1, 2, 2, 1, 1, 2, 2, 2, 2, 2, 2, 1, 2, 2, 1, 4, 2, 2, 1, 2, 2, 2, 2, 1, 1, 2, 2, 1, 2, 2, 3, 1, 1, 2, 1, 3, 1, 2, 2, 2, 3, 1, 2, 2, 2, 2, 2, 2, 1],-0.9662198434652447
8650,-1.0,2,[1, 1, 2, 2, 2, 4, 3, 2, 1, 4, 2, 1, 1, 1, 1, 2, 2, 2, 1, 2, 4, 2, 4, 3, 4, 1, 1, 2, 2, 2, 2, 2, 2, 1, 1, 2, 2, 2, 1, 2, 1, 2, 2, 1, 1, 2, 1, 2, 2, 2],-0.8988355071063467
8700,-1.0,2,[1, 2, 2, 2, 2, 1, 3, 2, 2, 1, 1, 2, 1, 2, 2, 2, 2, 2, 1, 2, 2, 1, 4, 1, 2, 2, 1, 2, 1, 2, 2, 3, 1, 2, 2, 2, 2, 2, 1, 2, 2, 2, 2, 2, 2, 2, 2, 2, 2, 2],-0.8559697610805723
8750,-1.0,2,[1, 2, 2, 1, 2, 2, 2, 2, 2, 2, 2, 2, 2, 2, 2, 1, 1, 2, 2, 2, 2, 3, 2, 2, 2, 1, 2, 2, 2, 1, 2, 3, 1, 1, 2, 1, 1, 2, 2, 2, 2, 2, 2, 3, 2, 2, 1, 4, 2, 2],-0.7744412080222033
8800,-1.0,2,[2, 2, 2, 2, 2, 2, 2, 2, 1, 2, 3, 2, 2, 2, 1, 2, 3, 1, 2, 2, 2, 2, 2, 3, 1, 2, 2, 1, 1, 2, 1, 2, 2, 2, 2, 2, 3, 2, 3, 2, 1, 2, 2, 2, 2, 1, 2, 1, 2, 2],-0.7348001256204134
8850,-1.0,2,[2, 1, 2, 2, 1, 2, 3, 2, 1, 2, 3, 2, 1, 4, 2, 1, 2, 2, 1, 1, 2, 1, 2, 2, 2, 2, 2, 1, 2, 2, 3, 2, 1, 2, 2, 1, 2, 1, 3, 2, 2, 2, 2, 2, 2, 1, 2, 2, 1, 1],-0.9304066426737889
8900,-1.0,2,[2, 2, 2, 1, 2, 2, 2, 2, 2, 2, 2, 3, 2, 2, 2, 2, 2, 2, 2, 2, 2, 1, 2, 2, 1, 3, 2, 1, 2, 2, 2, 1, 2, 2, 1, 2, 2, 2, 2, 1, 3, 2, 2, 1, 2, 2, 3, 1, 3, 1],-0.7260847671788685
8950,-1.0,2,[1, 1, 1, 2, 2, 1, 2, 2, 2, 2, 1, 2, 2, 1, 1, 2, 1, 2, 2, 2, 1, 2, 1, 2, 2, 1, 1, 1, 2, 2, 1, 2, 2, 2, 2, 2, 1, 1, 2, 2, 2, 1, 1, 2, 2, 1, 1, 1, 1, 2],-1.3055725327928636
9000,-1.0,2,[3, 1, 2, 1, 2, 1, 2, 2, 2, 2, 1, 3, 2, 2, 2, 3, 2, 2, 2, 2, 1, 2, 2, 2, 2, 1, 1, 2, 2, 1, 1, 2, 2, 1, 1, 1, 2, 2, 2, 2, 2, 1, 2, 1, 1, 1, 2, 1, 2, 2],-1.0679196457148574
9050,-1.0,2,[2, 2, 2, 2, 2, 1, 2, 2, 2, 1, 2, 2, 2, 2, 2, 2, 2, 2, 3, 2, 2, 3, 2, 2, 2, 2, 2, 1, 2, 2, 2, 1, 2, 2, 2, 1, 2, 2, 1, 2, 2, 2, 2, 2, 2, 2, 2, 1, 1, 2],-0.7509486668594598
9100,-1.0,2,[2, 2, 2, 2, 1, 2, 1, 1, 1, 2, 1, 2, 2, 1, 2, 2, 2, 2, 1, 2, 2, 3, 2, 2, 2, 2, 2, 2, 2, 2, 2, 3, 2, 2, 2, 2, 2, 2, 1, 2, 2, 3, 2, 2, 2, 2, 2, 2, 1, 2],-0.739098505623719
9150,-1.0,2,[2, 2, 2, 1, 1, 2, 2, 2, 2, 1, 3, 2, 1, 2, 2, 2, 1, 2, 1, 2, 1, 2, 2, 2, 2, 2, 2, 2, 1, 1, 3, 2, 2, 2, 2, 2, 2, 1, 2, 1, 1, 2, 2, 3, 2, 1, 2, 1, 1, 2],-1.0092674922783678
9200,-1.0,2,[1, 3, 2, 1, 5, 1, 2, 2, 2, 2, 2, 3, 2, 2, 2, 3, 4, 2, 2, 2, 2, 1, 2, 2, 1, 2, 2, 2, 3, 1, 2, 1, 2, 2, 2, 2, 3, 2, 2, 2, 3, 1, 2, 2, 1, 1, 1, 2, 2, 2],-0.6534240069857906
9250,-1.0,2,[2, 1, 2, 2, 2, 2, 1, 2, 2, 1, 2, 1, 2, 1, 2, 1, 1, 2, 3, 4, 2, 1, 2, 3, 2, 2, 1, 2, 2, 2, 3, 2, 2, 1, 1, 1, 2, 2, 2, 2, 2, 3, 3, 1, 1, 2, 2, 2, 1, 2],-0.8531582341496533
9300,-1.0,2,[4, 3, 1, 2, 2, 1, 1, 2, 1, 1, 3, 2, 2, 2, 2, 1, 2, 2, 2, 2, 2, 3, 2, 2, 2, 2, 2, 2, 1, 1, 1, 2, 3, 1, 2, 1, 1, 2, 1, 2, 3, 2, 2, 3, 2, 2, 3, 1, 2, 1],-0.8009270857917208
9350,-1.0,2,[2, 2, 2, 1, 1, 2, 2, 2, 2, 2, 2, 1, 2, 2, 2, 2, 2, 2, 2, 2, 2, 2, 1, 1, 2, 1, 2, 1, 2, 2, 1, 2, 2, 1, 2, 2, 2, 1, 2, 1, 1, 2, 2, 2, 2, 2, 2, 2, 2, 1],-1.0225073618627492
9400,-1.0,2,[2, 2, 1, 1, 2, 2, 2, 1, 1, 2, 1, 2, 2, 1, 1, 2, 2, 2, 4, 2, 2, 2, 2, 3, 2, 2, 2, 2, 1, 2, 2, 2, 2, 1, 1, 1, 2, 1, 2, 2, 1, 2, 2, 2, 2, 2, 1, 1, 1, 1],-1.1051379791986211
9450,-1.0,2,[1, 2, 2, 3, 2, 2, 2, 2, 2, 2, 2, 2, 1, 2, 2, 1, 3, 2, 3, 2, 2, 1, 2, 1, 2, 3, 1, 2, 3, 2, 2, 2, 2, 3, 2, 1, 3, 2, 3, 2, 2, 2, 1, 2, 2, 1, 3, 2, 1, 1],-0.588575206060077
9500,-1.0,2,[3, 3, 2, 1, 4, 2, 1, 2, 2, 2, 2, 1, 1, 1, 2, 1, 2, 2, 2, 1, 3, 2, 2, 2, 2, 2, 2, 2, 2, 1, 2, 2, 2, 1, 1, 1, 3, 2, 2, 2, 2, 2, 3, 2, 2, 2, 2, 2, 2, 2],-0.7127548676750166
9550,-1.0,2,[2, 2, 2, 2, 1, 1, 2, 1, 2, 2, 2, 2, 2, 2, 1, 2, 1, 2, 4, 4, 1, 1, 2, 1, 2, 2, 2, 2, 2, 2, 3, 2, 2, 2, 1, 1, 2, 1, 4, 2, 2, 1, 2, 2, 2, 2, 2, 2, 2, 1],-0.8790070913033692
9600,-1.0,2,[2, 2, 2, 2, 1, 2, 2, 2, 1, 2, 2, 2, 2, 2, 2, 1, 2, 2, 1, 2, 2, 2, 2, 3, 2, 2, 2, 2, 1, 1, 2, 2, 2, 2, 1, 2, 2, 2, 2, 2, 2, 2, 1, 2, 1, 1, 2, 2, 1, 2],-0.9222339405318335
9650,-1.0,2,[2, 1, 2, 1, 1, 2, 1, 2, 2, 1, 1, 3, 2, 1, 2, 2, 2, 2, 2, 1, 3, 2, 1, 2, 2, 2, 1, 2, 2, 2, 2, 3, 1, 2, 1, 3, 2, 2, 1, 2, 1, 2, 1, 2, 2, 2, 2, 2, 1, 2],-0.9937926726972904
9700,-1.0,2,[2, 2, 2, 1, 1, 2, 3, 3, 2, 2, 1, 2, 2, 1, 2, 1, 2, 2, 1, 2, 2, 3, 2, 2, 2, 2, 2, 2, 3, 2, 1, 2, 2, 2, 1, 2, 1, 1, 2, 2, 1, 2, 1, 2, 1, 1, 2, 1, 2, 1],-1.0132420665262334
9750,-1.0,2,[2, 3, 2, 2, 2, 2, 2, 1, 2, 1, 2, 2, 2, 2, 2, 2, 4, 2, 2, 1, 2, 2, 2, 2, 2, 1, 2, 2, 2, 2, 2, 2, 2, 1, 2, 2, 3, 1, 3, 2, 3, 3, 2, 2, 2, 2, 2, 2, 1, 1],-0.5967750933650936
9800,-1.0,2,[1, 2, 2, 2, 2, 2, 2, 2, 2, 2, 2, 1, 1, 1, 1, 2, 3, 2, 2, 1, 2, 2, 2, 2, 2, 2, 1, 2, 1, 2, 2, 3, 2, 3, 1, 2, 2, 2, 2, 2, 1, 1, 2, 1, 1, 2, 2, 2, 3, 2],-0.8767011722794809
9850,-1.0,2,[2, 2, 2, 3, 2, 1, 2, 2, 2, 2, 2, 3, 2, 2, 1, 3, 2, 2, 2, 2, 1, 2, 1, 1, 1, 2, 3, 2, 2, 2, 2, 2, 2, 2, 2, 2, 2, 2, 2, 2, 2, 3, 1, 2, 2, 2, 2, 2, 5, 2],-0.6073592017635738
9900,-1.0,2,[1, 2, 1, 1, 2, 2, 2, 1, 1, 2, 3, 2, 1, 2, 2, 2, 1, 2, 1, 1, 1, 1, 2, 2, 1, 2, 3, 2, 2, 1, 2, 1, 1, 1, 1, 2, 2, 2, 2, 2, 1, 2, 2, 2, 2, 1, 2, 2, 2, 2],-1.1713697456126044
9950,-1.0,2,[2, 1, 2, 1, 2, 1, 1, 2, 2, 2, 1, 1, 2, 2, 2, 2, 1, 1, 3, 1, 1, 1, 1, 1, 2, 1, 1, 1, 2, 1, 1, 2, 1, 1, 2, 2, 1, 2, 2, 2, 2, 2, 2, 3, 1, 2, 2, 1, 2, 2],-1.2886840589164361
10000,-1.0,2,[4, 2, 2, 2, 1, 2, 1, 2, 2, 1, 3, 2, 2, 2, 2, 1, 1, 1, 1, 2, 2, 1, 2, 1, 2, 2, 3, 2, 1, 1, 2, 2, 2, 1, 2, 2, 2, 2, 1, 1, 3, 2, 1, 2, 2, 1, 2, 2, 1, 2],-1.024087120269872
10050,0.0,3,[3, 2, 2, 2, 4, 2, 3, 2, 2, 2, 2, 3, 2, 2, 2, 3, 2, 2, 3, 2, 2, 3, 2, 2, 2, 3, 3, 1, 1, 2, 1, 2, 2, 3, 3, 2, 2, 2, 2, 2, 2, 3, 2, 2, 2, 3, 2, 2, 3, 2],-0.04000963072421705
10100,0.0,3,[2, 2, 2, 2, 2, 4, 1, 2, 3, 2, 2, 2, 2, 5, 2, 2, 3, 2, 2, 4, 2, 3, 2, 2, 2, 3, 2, 2, 2, 2, 2, 1, 1, 4, 2, 2, 1, 3, 2, 2, 2, 2, 2, 2, 2, 3, 3, 2, 2, 2],-0.19022000475791262
10150,0.0,3,[2, 2, 2, 3, 1, 2, 2, 4, 3, 4, 1, 2, 2, 2, 2, 3, 4, 2, 3, 2, 2, 3, 2, 2, 2, 1, 1, 3, 3, 2, 4, 3, 2, 3, 2, 3, 3, 2, 2, 2, 1, 3, 2, 1, 2, 3, 4, 2, 3, 2],0.16909425661526462
10200,0.0,3,[3, 3, 2, 2, 1, 2, 3, 2, 2, 2, 3, 2, 2, 2, 2, 2, 3, 4, 2, 2, 2, 3, 5, 2, 2, 2, 3, 2, 2, 2, 3, 3, 2, 1, 4, 2, 2, 2, 3, 2, 3, 2, 2, 2, 4, 2, 2, 2, 2, 2],0.008898965382861973
10250,0.0,3,[2, 3, 1, 1, 2, 2, 3, 2, 2, 2, 3, 2, 2, 3, 2, 1, 2, 2, 1, 2, 3, 3, 1, 4, 2, 2, 3, 2, 2, 2, 3, 4, 2, 3, 2, 3, 2, 1, 2, 2, 3, 3, 2, 2, 4, 2, 2, 2, 4, 3],0.030806953905136252
10300,0.0,3,[3, 3, 2, 3, 2, 2, 2, 2, 2, 2, 2, 2, 1, 2, 3, 1, 3, 2, 2, 2, 2, 4, 2, 2, 2, 2, 3, 2, 1, 2, 2, 3, 2, 5, 2, 2, 2, 2, 2, 2, 2, 1, 2, 3, 2, 2, 2, 2, 3, 2],-0.21845420078884645
10350,0.0,3,[2, 2, 5, 3, 2, 2, 4, 3, 2, 5, 3, 2, 2, 3, 2, 1, 2, 3, 2, 2, 2, 2, 2, 3, 2, 2, 3, 3, 4, 2, 2, 3, 2, 2, 2, 3, 3, 2, 2, 4, 3, 4, 2, 2, 2, 3, 3, 2, 2, 2],0.27775428810481007
10400,0.0,3,[3, 3, 2, 2, 2, 2, 3, 2, 2, 2, 3, 2, 2, 2, 2, 3, 2, 2, 2, 2, 2, 2, 2, 2, 2, 2, 2, 2, 2, 2, 1, 3, 2, 2, 2, 2, 3, 2, 2, 4, 2, 1, 3, 3, 2, 2, 1, 3, 3, 4],-0.05330138036318448
10450,0.0,3,[2, 3, 1, 2, 2, 2, 3, 2, 3, 2, 3, 2, 2, 1, 2, 4, 3, 3, 2, 2, 1, 2, 2, 2, 2, 3, 1, 2, 3, 2, 3, 2, 1, 2, 2, 3, 2, 2, 3, 1, 2, 2, 2, 3, 2, 2, 3, 5, 2, 2],-0.1371784412462974
10500,0.0,3,[2, 3, 2, 2, 2, 2, 2, 2, 2, 2, 3, 3, 3, 2, 2, 2, 3, 1, 2, 2, 2, 3, 2, 2, 4, 2, 2, 2, 3, 2, 3, 3, 2, 2, 2, 1, 2, 2, 2, 2, 3, 3, 2, 2, 2, 2, 2, 3, 2, 2],-0.04297058038361406
10550,0.0,3,[2, 2, 2, 2, 2, 3, 2, 2, 4, 2, 3, 3, 2, 2, 1, 2, 3, 2, 3, 2, 2, 3, 2, 4, 2, 4, 2, 2, 2, 2, 3, 4, 3, 2, 2, 2, 3, 2, 2, 4, 3, 3, 2, 1, 2, 5, 3, 2, 2, 2],0.21407355552146132
10600,0.0,3,[2, 3, 2, 2, 2, 2, 1, 2, 2, 1, 3, 3, 1, 2, 2, 2, 2, 2, 4, 2, 2, 2, 3, 2, 2, 3, 3, 2, 3, 2, 2, 2, 3, 3, 2, 2, 2, 5, 3, 4, 2, 2, 2, 3, 2, 2, 3, 2, 1, 2],-0.059546073431535104
10650,0.0,3,[3, 2, 2, 5, 4, 1, 3, 4, 3, 2, 2, 2, 2, 2, 2, 1, 2, 2, 2, 2, 2, 3, 2, 2, 1, 3, 3, 2, 3, 4, 3, 3, 2, 5, 2, 2, 2, 2, 2, 2, 2, 2, 2, 2, 2, 3, 2, 2, 3, 2],-0.007403635109202999
10700,0.0,3,[1, 3, 2, 4, 2, 2, 2, 3, 3, 1, 2, 2, 2, 5, 2, 2, 2, 2, 3, 2, 2, 3, 2, 2, 2, 2, 2, 3, 2, 2, 1, 2, 2, 2, 2, 4, 3, 2, 3, 2, 3, 3, 2, 2, 2, 3, 2, 2, 2, 2],-0.04434435425369841
10750,0.0,3,[2, 2, 2, 2, 2, 4, 3, 2, 3, 2, 3, 2, 2, 2, 3, 3, 2, 2, 2, 2, 3, 4, 3, 3, 4, 1, 3, 2, 3, 2, 1, 2, 2, 2, 2, 3, 2, 2, 2, 2, 3, 3, 2, 2, 4, 2, 2, 2, 2, 4],0.22047414206931812
10800,0.0,3,[3, 2, 4, 4, 2, 2, 3, 2, 3, 2, 2, 2, 2, 4, 2, 3, 2, 2, 2, 2, 3, 2, 2, 2, 2, 3, 3, 2, 2, 2, 2, 4, 2, 2, 2, 3, 2, 2, 3, 2, 3, 3, 2, 3, 2, 2, 2, 2, 2, 2],0.20244511210159022
10850,0.0,3,[2, 2, 2, 2, 2, 2, 2, 2, 2, 2, 1, 2, 2, 2, 2, 3, 2, 3, 2, 2, 2, 3, 2, 3, 2, 2, 3, 2, 2, 4, 3, 3, 3, 3, 2, 3, 3, 2, 2, 2, 3, 1, 2, 2, 2, 2, 3, 2, 2, 2],0.012756021756828216
10900,0.0,3,[2, 1, 2, 3, 2, 3, 3, 2, 3, 2, 2, 3, 3, 2, 2, 3, 3, 2, 2, 2, 3, 1, 3, 2, 2, 3, 3, 2, 3, 4, 4, 2, 2, 4, 2, 3, 3, 3, 2, 2, 2, 3, 2, 2, 2, 3, 3, 3, 3, 2],0.45485664401899417
10950,0.0,3,[2, 2, 2, 2, 4, 3, 2, 2, 1, 2, 2, 2, 2, 2, 2, 3, 3, 2, 3, 2, 3, 3, 2, 2, 2, 2, 3, 2, 2, 4, 3, 2, 2, 3, 2, 1, 2, 2, 2, 2, 3, 3, 2, 2, 2, 3, 3, 2, 2, 2],0.048928027836901845
11000,0.0,3,[2, 3, 2, 2, 2, 2, 4, 2, 2, 2, 2, 2, 5, 3, 5, 2, 3, 2, 3, 2, 1, 2, 2, 3, 1, 2, 3, 2, 2, 2, 2, 3, 2, 2, 2, 2, 2, 3, 3, 2, 2, 4, 2, 2, 1, 3, 3, 2, 1, 2],-0.0854598529560026
11050,0.0,3,[2, 3, 2, 1, 2, 3, 2, 4, 2, 2, 2, 2, 2, 3, 2, 2, 2, 2, 1, 2, 3, 2, 2, 2, 2, 2, 3, 2, 2, 2, 2, 2, 2, 2, 2, 2, 3, 2, 3, 2, 3, 2, 2, 2, 2, 3, 2, 2, 2, 2],-0.16448039124360272
11100,0.0,3,[2, 3, 3, 2, 2, 2, 3, 2, 2, 2, 2, 3, 3, 2, 1, 2, 2, 2, 2, 1, 4, 3, 2, 3, 2, 3, 1, 1, 2, 2, 4, 3, 2, 1, 2, 2, 3, 2, 2, 2, 2, 2, 2, 3, 2, 2, 1, 2, 1, 2],-0.1987741850557209
11150,0.0,3,[3, 3, 2, 3, 2, 3, 2, 3, 2, 2, 2, 3, 2, 3, 2, 3, 2, 2, 3, 2, 2, 2, 2, 3, 2, 2, 3, 2, 2, 2, 3, 3, 2, 3, 2, 1, 3, 2, 2, 2, 4, 2, 2, 3, 4, 2, 3, 2, 4, 2],0.3064400318733081
11200,0.0,3,[2, 2, 2, 1, 2, 3, 3, 3, 2, 2, 2, 3, 2, 2, 2, 2, 2, 3, 2, 2, 3, 3, 2, 3, 2, 3, 2, 1, 2, 2, 2, 2, 2, 2, 2, 3, 3, 2, 2, 2, 3, 2, 3, 4, 4, 2, 5, 2, 2, 2],0.07599442396651643
11250,0.0,3,[2, 2, 2, 2, 2, 3, 2, 3, 2, 2, 2, 3, 2, 2, 2, 2, 3, 3, 3, 2, 2, 3, 2, 3, 2, 2, 2, 2, 2, 2, 2, 2, 2, 3, 2, 2, 2, 2, 3, 2, 2, 3, 3, 2, 2, 2, 1, 2, 4, 2],0.008224479360937443
11300,0.0,3,[3, 1, 2, 2, 2, 2, 2, 2, 3, 2, 2, 3, 2, 3, 2, 2, 2, 2, 2, 2, 2, 5, 2, 3, 2, 2, 2, 2, 4, 2, 3, 2, 4, 2, 2, 3, 3, 1, 1, 1, 2, 2, 1, 3, 2, 2, 3, 2, 2, 2],-0.1780836638665428
11350,0.0,3,[2, 2, 2, 2, 4, 3, 3, 2, 3, 1, 2, 2, 2, 2, 1, 4, 3, 3, 2, 2, 2, 3, 4, 2, 2, 2, 2, 2, 1, 2, 2, 3, 2, 2, 4, 2, 2, 2, 3, 2, 2, 4, 2, 3, 2, 2, 3, 2, 3, 5],0.08501865910654399
11400,0.0,3,[2, 3, 2, 3, 2, 2, 3, 2, 4, 2, 3, 3, 2, 3, 2, 2, 3, 3, 2, 2, 2, 2, 2, 2, 2, 3, 3, 3, 2, 2, 2, 3, 2, 3, 2, 2, 3, 3, 2, 2, 3, 2, 3, 3, 2, 3, 2, 2, 2, 2],0.3089440498322203
11450,0.0,3,[1, 1, 2, 3, 2, 2, 4, 2, 2, 1, 2, 3, 2, 3, 2, 2, 2, 2, 2, 2, 2, 2, 2, 2, 2, 3, 2, 2, 2, 2, 2, 3, 2, 2, 2, 4, 2, 2, 1, 2, 3, 2, 2, 3, 2, 2, 2, 2, 3, 2],-0.21612738190677372
11500,0.0,3,[3, 3, 2, 2, 2, 2, 2, 2, 1, 2, 2, 2, 2, 3, 2, 3, 2, 2, 4, 2, 2, 3, 2, 5, 2, 2, 3, 2, 2, 2, 3, 3, 2, 3, 2, 2, 3, 2, 3, 2, 2, 3, 1, 2, 2, 2, 3, 2, 2, 2],0.016616730007720137
11550,0.0,3,[3, 3, 2, 3, 2, 2, 3, 2, 2, 2, 4, 3, 2, 3, 2, 4, 3, 2, 3, 2, 2, 2, 2, 3, 2, 3, 4, 2, 2, 2, 2, 2, 5, 3, 2, 3, 3, 2, 3, 4, 3, 3, 2, 2, 2, 2, 3, 2, 2, 2],0.40859773635810726
11600,0.0,3,[3, 2, 2, 3, 2, 2, 3, 2, 1, 2, 2, 4, 2, 2, 2, 4, 2, 2, 2, 2, 2, 3, 3, 2, 2, 2, 3, 2, 2, 2, 2, 3, 2, 2, 2, 4, 3, 2, 3, 2, 3, 3, 2, 4, 2, 2, 3, 3, 2, 2],0.23609746169469742
11650,0.0,3,[3, 1, 2, 2, 2, 2, 3, 2, 3, 2, 2, 2, 2, 2, 2, 2, 4, 2, 2, 2, 3, 2, 5, 2, 2, 3, 3, 2, 2, 2, 2, 2, 2, 2, 2, 4, 2, 3, 2, 2, 2, 2, 2, 2, 1, 3, 2, 5, 4, 2],-0.07140060405314141
11700,0.0,3,[3, 2, 2, 2, 2, 4, 3, 2, 3, 4, 2, 2, 2, 2, 1, 2, 2, 2, 2, 2, 1, 2, 2, 2, 2, 2, 4, 2, 2, 2, 3, 3, 2, 2, 2, 1, 3, 2, 2, 4, 2, 2, 2, 3, 4, 2, 2, 2, 1, 2],-0.12064894951251635
11750,0.0,3,[2, 2, 2, 2, 2, 2, 2, 2, 1, 2, 2, 3, 2, 5, 2, 2, 3, 2, 3, 2, 2, 2, 4, 2, 2, 2, 2, 4, 2, 2, 2, 2, 2, 2, 2, 2, 2, 2, 2, 2, 2, 2, 2, 2, 2, 3, 3, 2, 2, 2],-0.24374421727409518
11800,0.0,3,[3, 2, 2, 3, 2, 2, 3, 2, 2, 2, 3, 2, 2, 5, 2, 2, 4, 2, 2, 2, 1, 3, 2, 2, 4, 3, 3, 2, 3, 2, 2, 5, 2, 2, 2, 2, 2, 2, 2, 2, 3, 2, 2, 3, 2, 2, 2, 2, 2, 2],0.002044270572776073
11850,0.0,3,[3, 4, 2, 1, 4, 2, 2, 3, 2, 2, 2, 3, 2, 2, 2, 2, 2, 2, 3, 2, 1, 2, 2, 1, 2, 2, 3, 2, 2, 2, 2, 3, 2, 2, 2, 3, 3, 2, 3, 2, 2, 3, 2, 3, 2, 2, 4, 4, 2, 2],0.07027394169917442
11900,0.0,3,[3, 2, 2, 2, 2, 2, 2, 2, 2, 1, 3, 2, 2, 3, 2, 2, 1, 2, 2, 1, 2, 2, 2, 3, 2, 3, 3, 2, 3, 2, 2, 4, 2, 2, 2, 3, 2, 2, 2, 2, 2, 3, 2, 3, 2, 3, 3, 3, 2, 2],-0.02892717043679207
11950,0.0,3,[2, 2, 2, 3, 5, 2, 2, 2, 2, 2, 3, 2, 2, 2, 2, 3, 2, 3, 2, 2, 3, 1, 2, 2, 2, 2, 3, 3, 2, 2, 3, 3, 2, 3, 2, 3, 2, 2, 3, 2, 2, 3, 2, 2, 2, 3, 3, 2, 3, 2],0.12041127164116029
12000,0.0,3,[2, 3, 2, 2, 2, 2, 1, 3, 3, 4, 2, 3, 2, 2, 2, 5, 2, 2, 3, 2, 4, 1, 1, 3, 2, 4, 4, 3, 2, 2, 1, 2, 2, 2, 1, 2, 2, 2, 2, 4, 3, 2, 2, 1, 2, 3, 2, 3, 3, 2],0.03374675376720737
12050,0.0,3,[1, 2, 2, 3, 2, 1, 2, 2, 2, 2, 2, 3, 2, 2, 1, 1, 2, 2, 2, 2, 3, 3, 2, 3, 2, 3, 3, 3, 2, 2, 2, 2, 2, 3, 2, 2, 2, 2, 2, 2, 2, 3, 2, 2, 2, 2, 3, 3, 3, 2],-0.11958999470339804
12100,0.0,3,[2, 3, 2, 3, 2, 3, 3, 2, 3, 4, 3, 2, 1, 2, 2, 1, 3, 2, 3, 2, 2, 2, 2, 2, 2, 3, 4, 2, 2, 2, 2, 2, 2, 2, 2, 2, 3, 2, 3, 2, 3, 2, 1, 2, 4, 2, 3, 5, 3, 2],0.11121103364686394
12150,0.0,3,[3, 2, 2, 2, 2, 2, 2, 2, 2, 2, 3, 3, 2, 2, 2, 3, 2, 2, 2, 2, 3, 3, 2, 3, 2, 2, 2, 2, 3, 2, 2, 3, 2, 3, 2, 2, 3, 1, 5, 2, 3, 2, 2, 2, 1, 2, 3, 2, 2, 2],-0.05250005639195212
12200,0.0,3,[3, 2, 2, 2, 2, 2, 2, 2, 3, 2, 4, 2, 3, 2, 2, 2, 2, 2, 2, 2, 3, 3, 2, 1, 2, 2, 3, 2, 2, 4, 2, 2, 2, 3, 2, 2, 3, 3, 2, 1, 2, 2, 2, 2, 2, 1, 2, 4, 4, 2],-0.04491467704673347
12250,0.0,3,[2, 3, 2, 3, 4, 2, 3, 2, 2, 2, 3, 2, 5, 3, 2, 2, 3, 3, 2, 2, 2, 1, 2, 3, 1, 2, 2, 2, 1, 2, 1, 3, 2, 4, 2, 2, 2, 2, 3, 4, 3, 4, 2, 3, 2, 3, 2, 2, 3, 2],0.15194123486532993
12300,0.0,3,[2, 3, 2, 5, 1, 2, 3, 2, 2, 2, 2, 1, 2, 3, 2, 2, 3, 2, 3, 2, 4, 2, 2, 3, 2, 3, 2, 2, 3, 2, 2, 3, 2, 3, 2, 2, 2, 2, 2, 1, 2, 1, 2, 2, 2, 2, 2, 2, 2, 4],-0.14007769356853658
12350,0.0,3,[4, 2, 3, 2, 2, 2, 3, 2, 2, 2, 3, 2, 1, 1, 4, 3, 3, 2, 3, 2, 2, 3, 2, 2, 2, 2, 2, 2, 4, 2, 2, 2, 2, 4, 2, 3, 3, 2, 4, 2, 3, 2, 2, 2, 2, 2, 3, 2, 2, 2],0.1457615858852863
12400,0.0,3,[2, 2, 3, 2, 1, 2, 3, 2, 2, 2, 2, 2, 2, 1, 2, 2, 2, 1, 2, 1, 2, 3, 2, 1, 2, 2, 2, 1, 4, 2, 4, 3, 2, 1, 2, 3, 2, 2, 4, 4, 3, 3, 2, 2, 2, 3, 3, 2, 3, 2],-0.16559794098805158
12450,0.0,3,[2, 2, 2, 2, 4, 1, 2, 5, 2, 2, 3, 1, 3, 4, 2, 3, 4, 2, 2, 2, 2, 3, 3, 1, 2, 2, 3, 2, 3, 2, 1, 2, 2, 2, 2, 3, 3, 1, 2, 2, 3, 2, 2, 3, 2, 3, 2, 2, 2, 4],0.04322095816612862
12500,0.0,3,[2, 2, 4, 3, 2, 1, 3, 2, 1, 2, 2, 1, 2, 3, 4, 3, 2, 2, 3, 1, 3, 2, 2, 2, 1, 3, 2, 2, 2, 2, 1, 2, 2, 2, 2, 2, 2, 2, 4, 2, 2, 2, 5, 3, 2, 3, 3, 3, 2, 2],-0.12773524845100404
12550,0.0,3,[2, 2, 1, 3, 2, 2, 2, 3, 2, 2, 3, 3, 3, 2, 2, 2, 3, 3, 2, 1, 3, 3, 2, 2, 2, 3, 2, 2, 2, 2, 3, 2, 2, 2, 2, 3, 3, 1, 2, 4, 2, 3, 2, 2, 2, 3, 2, 2, 3, 4],0.11584951076976008
12600,0.0,3,[2, 2, 2, 2, 2, 3, 4, 2, 2, 2, 1, 2, 2, 2, 1, 3, 3, 2, 2, 2, 2, 2, 2, 4, 2, 1, 3, 3, 3, 2, 2, 3, 2, 2, 2, 4, 3, 2, 2, 2, 4, 2, 2, 2, 2, 2, 2, 1, 2, 2],-0.10220218602903014
12650,0.0,3,[2, 3, 2, 3, 2, 2, 2, 4, 3, 2, 3, 3, 2, 1, 2, 1, 3, 2, 3, 2, 2, 2, 2, 2, 2, 2, 2, 3, 2, 2, 3, 3, 2, 3, 2, 2, 3, 2, 3, 2, 2, 4, 2, 2, 4, 2, 3, 2, 2, 2],0.15782331987685425
12700,0.0,3,[2, 2, 2, 2, 2, 2, 3, 1, 3, 2, 2, 3, 2, 3, 2, 4, 3, 2, 2, 2, 3, 2, 1, 2, 2, 2, 2, 2, 2, 2, 2, 3, 2, 2, 2, 2, 2, 2, 4, 2, 2, 3, 2, 3, 2, 2, 2, 5, 4, 2],-0.05635832135310023
12750,0.0,3,[2, 2, 2, 2, 2, 1, 2, 2, 1, 2, 2, 3, 2, 2, 1, 3, 2, 3, 2, 2, 2, 2, 2, 2, 2, 3, 3, 4, 3, 4, 2, 2, 4, 2, 2, 5, 2, 2, 1, 1, 2, 3, 2, 3, 2, 3, 3, 3, 2, 2],-0.08986975063457517
12800,0.0,3,[2, 2, 2, 3, 2, 3, 2, 3, 1, 4, 2, 2, 3, 3, 2, 1, 2, 2, 4, 2, 2, 2, 2, 4, 2, 2, 2, 1, 3, 1, 2, 2, 2, 4, 2, 2, 3, 2, 2, 2, 2, 1, 2, 2, 2, 2, 2, 2, 3, 4],-0.11858437441297322
12850,0.0,3,[2, 3, 3, 2, 1, 3, 2, 2, 2, 4, 2, 1, 2, 2, 2, 3, 2, 2, 3, 4, 2, 2, 2, 3, 2, 2, 2, 2, 3, 1, 4, 2, 2, 2, 4, 3, 3, 2, 3, 2, 4, 3, 2, 2, 2, 2, 3, 4, 4, 2],0.23467171436005044
12900,0.0,3,[3, 2, 2, 2, 2, 2, 2, 2, 2, 1, 2, 3, 2, 2, 2, 3, 3, 3, 2, 3, 2, 2, 1, 2, 2, 1, 2, 3, 2, 2, 2, 2, 2, 2, 2, 3, 2, 5, 3, 1, 2, 4, 2, 2, 2, 3, 2, 4, 3, 4],-0.06020571207342767
12950,0.0,3,[2, 3, 3, 2, 2, 2, 3, 1, 2, 2, 2, 3, 2, 5, 4, 2, 3, 1, 2, 1, 1, 2, 2, 2, 2, 3, 1, 2, 2, 2, 2, 3, 2, 2, 1, 2, 2, 1, 2, 1, 2, 2, 2, 2, 2, 1, 2, 3, 2, 1],-0.5662059171078205
13000,0.0,3,[3, 3, 2, 3, 2, 2, 2, 2, 2, 2, 2, 3, 1, 3, 2, 3, 4, 2, 4, 2, 2, 2, 2, 3, 2, 2, 2, 2, 2, 2, 3, 3, 2, 2, 2, 2, 2, 5, 2, 2, 2, 2, 2, 2, 1, 2, 1, 2, 3, 2],-0.09727208230504839
13050,0.0,3,[2, 2, 2, 2, 2, 1, 2, 2, 2, 2, 2, 2, 3, 2, 2, 2, 2, 2, 2, 2, 2, 3, 2, 2, 2, 2, 2, 2, 2, 2, 3, 3, 3, 3, 2, 2, 2, 2, 1, 2, 3, 2, 2, 2, 2, 2, 3, 2, 2, 2],-0.2528337658010054
13100,0.0,3,[2, 2, 3, 3, 2, 2, 2, 2, 2, 2, 3, 3, 2, 5, 2, 3, 2, 2, 3, 2, 2, 2, 2, 2, 2, 2, 2, 2, 2, 2, 3, 3, 2, 2, 2, 2, 2, 2, 3, 2, 3, 2, 2, 3, 2, 2, 3, 2, 3, 2],0.026932296779149514
13150,0.0,3,[3, 2, 2, 2, 2, 2, 3, 2, 2, 2, 2, 3, 2, 3, 2, 2, 2, 2, 2, 2, 2, 3, 2, 2, 2, 3, 2, 2, 4, 2, 3, 2, 2, 2, 2, 2, 2, 2, 2, 2, 2, 2, 3, 2, 2, 2, 3, 2, 3, 4],-0.00553207560989359
13200,0.0,3,[1, 3, 2, 2, 2, 3, 3, 3, 2, 2, 2, 3, 2, 2, 2, 3, 3, 3, 3, 4, 2, 3, 2, 4, 2, 2, 1, 2, 2, 2, 3, 3, 2, 2, 2, 2, 3, 3, 3, 1, 2, 3, 2, 3, 2, 2, 3, 2, 2, 1],0.1943970669990915
13250,0.0,3,[2, 2, 2, 3, 1, 2, 2, 1, 1, 2, 2, 3, 2, 3, 2, 2, 2, 3, 2, 4, 3, 2, 2, 2, 2, 3, 2, 5, 2, 2, 2, 3, 3, 2, 2, 5, 3, 2, 2, 1, 3, 3, 2, 2, 2, 3, 2, 2, 2, 2],-0.11998753674410018
13300,0.0,3,[2, 3, 2, 3, 2, 3, 3, 2, 1, 2, 2, 2, 2, 4, 2, 2, 2, 2, 2, 2, 2, 3, 2, 4, 2, 2, 5, 2, 3, 2, 2, 2, 2, 1, 2, 2, 2, 2, 2, 2, 3, 2, 2, 5, 2, 2, 2, 2, 2, 2],-0.16817059624651357
13350,0.0,3,[3, 2, 2, 2, 2, 2, 3, 1, 2, 2, 3, 5, 1, 2, 2, 3, 3, 2, 2, 2, 2, 4, 2, 2, 2, 2, 2, 2, 2, 2, 2, 3, 2, 3, 2, 2, 3, 2, 2, 4, 2, 2, 2, 3, 2, 3, 2, 2, 3, 4],0.0296867548386288
13400,0.0,3,[2, 2, 2, 3, 4, 2, 2, 3, 1, 2, 2, 2, 2, 1, 2, 1, 3, 2, 1, 2, 3, 2, 3, 2, 2, 2, 3, 2, 2, 2, 2, 3, 2, 2, 2, 2, 3, 2, 2, 2, 3, 2, 2, 1, 2, 2, 2, 2, 2, 2],-0.2729195982854208
13450,0.0,3,[4, 3, 2, 3, 2, 3, 3, 4, 4, 2, 3, 3, 2, 2, 2, 4, 3, 3, 2, 2, 2, 2, 3, 3, 2, 3, 3, 2, 2, 2, 2, 3, 2, 2, 2, 3, 2, 2, 2, 2, 2, 3, 2, 3, 4, 2, 3, 2, 2, 3],0.47921028346590927
13500,0.0,3,[3, 2, 2, 2, 2, 2, 2, 2, 2, 2, 2, 3, 3, 1, 2, 3, 3, 2, 2, 2, 1, 3, 2, 2, 2, 3, 2, 2, 2, 2, 3, 2, 2, 2, 4, 2, 2, 2, 2, 2, 2, 2, 2, 2, 4, 3, 3, 2, 2, 4],-0.030117915927568798
13550,0.0,3,[3, 3, 2, 3, 1, 3, 2, 2, 3, 2, 1, 3, 2, 3, 2, 2, 2, 3, 3, 2, 2, 4, 2, 3, 2, 2, 3, 3, 1, 1, 1, 2, 4, 2, 2, 3, 2, 2, 2, 4, 2, 2, 2, 4, 2, 1, 3, 2, 3, 2],0.115410792013949
13600,0.0,3,[1, 2, 2, 1, 2, 2, 3, 2, 2, 2, 3, 2, 2, 2, 2, 3, 3, 2, 2, 2, 3, 3, 2, 3, 2, 2, 2, 2, 2, 2, 2, 3, 3, 2, 2, 2, 3, 2, 2, 2, 2, 2, 1, 2, 2, 3, 2, 2, 2, 2],-0.16571245558407285
13650,0.0,3,[2, 2, 2, 3, 2, 1, 3, 2, 2, 4, 3, 2, 2, 2, 2, 2, 3, 2, 3, 2, 2, 3, 2, 3, 2, 3, 3, 2, 3, 4, 2, 2, 2, 3, 2, 1, 3, 4, 2, 4, 2, 3, 2, 2, 2, 2, 2, 3, 2, 2],0.18173637207730214
13700,0.0,3,[2, 3, 2, 3, 2, 2, 2, 2, 3, 2, 3, 4, 3, 3, 2, 3, 2, 3, 2, 1, 4, 3, 2, 2, 2, 3, 2, 2, 3, 1, 2, 2, 2, 2, 2, 2, 2, 2, 2, 2, 3, 3, 4, 2, 4, 2, 3, 2, 1, 2],0.1666735545281172
13750,0.0,3,[2, 2, 2, 2, 2, 2, 1, 2, 1, 2, 2, 2, 2, 2, 2, 4, 2, 3, 3, 2, 3, 4, 2, 3, 4, 3, 2, 2, 2, 2, 3, 3, 2, 2, 2, 3, 2, 2, 1, 2, 2, 3, 5, 2, 2, 3, 2, 1, 2, 2],-0.06344191689197512
13800,0.0,3,[3, 3, 2, 4, 2, 4, 2, 2, 2, 2, 2, 2, 2, 2, 2, 3, 3, 3, 2, 2, 2, 2, 2, 1, 2, 2, 2, 2, 3, 2, 3, 3, 1, 2, 2, 2, 2, 2, 2, 2, 2, 3, 1, 2, 1, 2, 2, 2, 2, 2],-0.19508358283751784
13850,0.0,3,[2, 3, 2, 3, 2, 3, 3, 2, 4, 2, 1, 2, 2, 2, 2, 3, 3, 2, 3, 4, 2, 3, 3, 3, 2, 3, 2, 2, 3, 2, 2, 4, 2, 2, 2, 3, 3, 2, 3, 2, 2, 2, 3, 2, 4, 3, 2, 2, 4, 2],0.41239322116665245
13900,0.0,3,[2, 2, 2, 2, 2, 2, 2, 2, 2, 4, 3, 3, 2, 2, 2, 3, 2, 2, 3, 2, 1, 3, 2, 3, 2, 4, 2, 2, 2, 2, 2, 3, 2, 2, 2, 2, 3, 2, 2, 2, 2, 1, 2, 2, 4, 2, 3, 2, 2, 2],-0.05561114688118029
13950,0.0,3,[3, 3, 1, 3, 2, 2, 2, 2, 2, 2, 2, 4, 2, 2, 2, 1, 3, 3, 3, 4, 2, 2, 1, 2, 2, 3, 3, 3, 2, 2, 1, 1, 2, 2, 4, 2, 2, 2, 2, 2, 2, 3, 4, 2, 2, 2, 2, 2, 1, 2],-0.10606022294422755
14000,0.0,3,[2, 2, 2, 4, 2, 4, 2, 3, 2, 2, 3, 2, 2, 2, 2, 4, 2, 2, 2, 2, 2, 3, 2, 2, 2, 2, 2, 3, 2, 2, 2, 3, 2, 2, 2, 2, 2, 2, 1, 2, 3, 2, 2, 2, 2, 2, 3, 2, 2, 2],-0.08837250796372945
14050,0.0,3,[2, 3, 2, 2, 2, 3, 2, 2, 1, 2, 2, 3, 2, 2, 4, 1, 2, 2, 3, 2, 2, 3, 2, 2, 2, 3, 2, 2, 3, 2, 3, 2, 2, 3, 2, 3, 2, 2, 2, 2, 3, 2, 2, 2, 2, 2, 2, 2, 2, 2],-0.08433819604994824
14100,0.0,3,[4, 3, 2, 3, 2, 2, 3, 5, 3, 2, 2, 2, 2, 1, 4, 2, 2, 2, 2, 2, 2, 2, 2, 2, 2, 2, 3, 2, 1, 2, 2, 2, 3, 3, 2, 4, 2, 2, 2, 4, 2, 2, 2, 1, 4, 2, 3, 2, 3, 1],-0.03245641575676136
14150,0.0,3,[3, 3, 2, 2, 2, 2, 4, 2, 2, 2, 2, 2, 2, 3, 4, 2, 3, 2, 1, 2, 3, 3, 2, 2, 2, 3, 3, 2, 5, 2, 2, 3, 2, 2, 2, 2, 3, 2, 3, 2, 2, 3, 2, 2, 2, 2, 2, 2, 3, 1],0.0679453144790047
14200,0.0,3,[3, 2, 2, 3, 2, 2, 2, 2, 3, 2, 2, 1, 2, 2, 2, 3, 2, 3, 3, 2, 2, 5, 4, 3, 2, 2, 2, 2, 3, 2, 3, 3, 2, 2, 2, 3, 3, 2, 2, 2, 2, 2, 2, 2, 2, 3, 2, 2, 1, 2],0.030870937879802742
14250,0.0,3,[2, 3, 2, 2, 1, 2, 2, 2, 3, 4, 2, 2, 2, 1, 2, 1, 3, 2, 2, 2, 1, 3, 1, 2, 2, 2, 3, 2, 2, 4, 3, 3, 4, 3, 2, 2, 2, 2, 3, 2, 4, 3, 2, 2, 2, 3, 3, 2, 2, 2],0.0020029276392690963
14300,0.0,3,[4, 3, 2, 1, 2, 3, 2, 3, 4, 2, 2, 4, 3, 2, 2, 2, 2, 2, 2, 2, 3, 2, 2, 4, 2, 2, 3, 2, 1, 3, 3, 3, 2, 2, 2, 2, 3, 3, 4, 2, 3, 2, 2, 2, 2, 2, 3, 2, 3, 2],0.30616359947000427
14350,0.0,3,[2, 2, 2, 3, 2, 1, 2, 2, 3, 2, 2, 3, 2, 4, 4, 3, 2, 3, 3, 2, 4, 3, 2, 3, 2, 3, 3, 1, 1, 2, 3, 3, 2, 4, 2, 3, 1, 2, 2, 2, 2, 2, 2, 2, 2, 2, 3, 2, 2, 2],0.16078634483972556
14400,0.0,3,[3, 2, 2, 2, 4, 3, 2, 2, 2, 2, 2, 2, 2, 2, 4, 1, 2, 2, 1, 4, 2, 2, 2, 2, 2, 2, 2, 2, 3, 2, 3, 2, 2, 3, 2, 2, 2, 2, 3, 2, 1, 3, 3, 2, 2, 1, 3, 2, 2, 2],-0.14794353634167223
14450,0.0,3,[4, 3, 1, 2, 2, 2, 2, 2, 2, 2, 3, 3, 2, 2, 2, 2, 1, 2, 2, 2, 2, 3, 2, 1, 2, 2, 5, 2, 2, 2, 3, 2, 2, 2, 2, 2, 2, 3, 4, 2, 2, 2, 2, 2, 2, 3, 4, 2, 2, 2],-0.13727719853898568
14500,0.0,3,[1, 1, 2, 3, 2, 2, 3, 2, 3, 2, 3, 3, 2, 2, 2, 3, 3, 2, 3, 2, 2, 2, 2, 1, 2, 1, 3, 2, 4, 2, 3, 2, 3, 2, 1, 2, 2, 2, 3, 2, 2, 3, 2, 2, 2, 2, 3, 2, 2, 2],-0.04566772732114607
14550,0.0,3,[2, 4, 2, 2, 1, 3, 2, 2, 2, 2, 1, 2, 1, 2, 2, 2, 3, 3, 1, 2, 3, 3, 2, 2, 4, 3, 2, 2, 3, 2, 2, 2, 2, 3, 4, 3, 3, 2, 2, 2, 3, 2, 2, 2, 2, 3, 3, 2, 3, 2],0.0743915546390495
14600,0.0,3,[3, 3, 2, 2, 2, 2, 1, 2, 2, 2, 3, 2, 2, 2, 2, 2, 3, 2, 2, 2, 2, 2, 2, 2, 2, 2, 3, 2, 2, 4, 2, 2, 2, 3, 4, 3, 3, 2, 2, 4, 2, 2, 2, 2, 2, 1, 2, 2, 2, 4],-0.06674682145938655
14650,0.0,3,[2, 3, 2, 2, 2, 2, 3, 4, 2, 2, 2, 2, 4, 2, 2, 2, 3, 2, 2, 4, 3, 3, 1, 2, 3, 2, 2, 2, 2, 2, 2, 2, 2, 2, 2, 2, 2, 3, 3, 2, 3, 3, 4, 2, 2, 2, 2, 2, 2, 2],0.0495995122835186
14700,0.0,3,[3, 1, 2, 3, 2, 3, 4, 2, 1, 2, 2, 2, 2, 1, 2, 3, 2, 2, 4, 2, 3, 3, 2, 2, 2, 2, 3, 4, 2, 2, 2, 2, 2, 2, 4, 2, 3, 2, 3, 2, 2, 4, 4, 2, 2, 2, 3, 4, 2, 1],0.15799178991396176
14750,0.0,3,[3, 2, 2, 3, 2, 2, 2, 2, 2, 2, 3, 2, 2, 2, 3, 3, 3, 2, 2, 2, 2, 3, 2, 2, 4, 2, 2, 2, 2, 2, 2, 2, 2, 2, 2, 2, 2, 2, 2, 2, 2, 3, 2, 2, 2, 3, 3, 2, 2, 2],-0.060447817594803506
14800,0.0,3,[3, 2, 2, 2, 2, 2, 1, 2, 4, 2, 3, 2, 2, 3, 1, 2, 4, 2, 2, 4, 2, 3, 2, 2, 2, 1, 3, 2, 2, 2, 3, 2, 2, 2, 2, 2, 3, 2, 2, 2, 2, 3, 2, 2, 4, 2, 4, 2, 2, 2],-0.013775871772258084
14850,0.0,3,[2, 2, 2, 2, 2, 3, 2, 2, 3, 2, 2, 2, 2, 2, 2, 2, 3, 2, 4, 2, 2, 3, 3, 2, 2, 3, 2, 2, 5, 4, 2, 4, 2, 2, 2, 2, 3, 2, 3, 2, 2, 3, 2, 3, 2, 2, 3, 2, 2, 2],0.11286159267685539
14900,0.0,3,[3, 3, 2, 2, 2, 3, 3, 2, 2, 2, 1, 2, 1, 2, 2, 4, 2, 2, 3, 2, 2, 3, 4, 2, 2, 2, 2, 2, 2, 2, 3, 2, 2, 2, 2, 2, 3, 2, 2, 2, 3, 2, 2, 2, 4, 2, 2, 2, 2, 2],-0.0644479849830869
14950,0.0,3,[2, 2, 2, 3, 2, 2, 3, 2, 3, 2, 3, 2, 2, 4, 2, 1, 3, 2, 2, 2, 3, 3, 2, 2, 2, 3, 2, 2, 2, 2, 2, 3, 2, 2, 2, 2, 3, 2, 2, 1, 4, 2, 2, 2, 2, 2, 3, 2, 2, 2],-0.022385237252846333
15000,0.0,3,[2, 2, 3, 2, 2, 1, 2, 2, 1, 2, 2, 4, 2, 2, 1, 1, 4, 3, 2, 2, 2, 3, 2, 3, 2, 3, 3, 2, 3, 4, 2, 3, 1, 2, 2, 3, 3, 2, 2, 2, 2, 2, 2, 2, 2, 1, 3, 2, 1, 4],-0.09043781667529226
15050,1.0,4,[3, 4, 2, 4, 5, 4, 3, 2, 2, 2, 4, 4, 3, 3, 2, 3, 4, 2, 3, 2, 3, 3, 4, 2, 4, 2, 4, 2, 4, 4, 3, 3, 2, 2, 2, 4, 3, 2, 3, 2, 2, 3, 4, 4, 3, 4, 3, 2, 5, 5],1.0223316290271078
15100,1.0,4,[1, 3, 2, 2, 4, 3, 3, 2, 5, 4, 3, 3, 3, 2, 4, 4, 3, 3, 3, 2, 3, 2, 3, 2, 2, 3, 4, 2, 3, 4, 3, 4, 2, 3, 2, 2, 4, 2, 3, 4, 2, 4, 4, 3, 2, 4, 3, 2, 3, 4],0.9274746843337092
15150,1.0,4,[2, 3, 2, 2, 5, 3, 4, 2, 4, 2, 3, 3, 5, 2, 4, 4, 4, 2, 2, 4, 2, 3, 2, 4, 4, 3, 3, 4, 3, 2, 3, 4, 2, 2, 2, 2, 2, 3, 2, 2, 3, 3, 3, 4, 2, 3, 3, 3, 4, 2],0.8323158907605691
15200,1.0,4,[2, 3, 3, 3, 4, 4, 4, 4, 4, 2, 3, 3, 3, 4, 2, 4, 3, 3, 3, 2, 3, 4, 4, 4, 2, 3, 3, 3, 3, 2, 2, 2, 4, 5, 2, 3, 3, 2, 5, 2, 4, 3, 4, 3, 2, 3, 4, 3, 2, 2],1.1097876544150822
15250,1.0,4,[4, 3, 3, 4, 2, 4, 4, 2, 2, 4, 3, 4, 5, 4, 4, 4, 3, 2, 5, 4, 2, 3, 2, 4, 2, 3, 4, 3, 2, 4, 3, 4, 2, 2, 4, 3, 3, 5, 3, 4, 3, 3, 3, 3, 2, 4, 1, 3, 3, 4],1.1993122488446113
15300,1.0,4,[3, 1, 3, 3, 2, 4, 4, 3, 3, 2, 3, 4, 3, 4, 2, 2, 3, 2, 3, 4, 5, 3, 4, 2, 4, 2, 3, 1, 3, 2, 4, 2, 4, 2, 5, 2, 5, 2, 3, 2, 2, 4, 2, 2, 2, 4, 4, 4, 2, 4],0.8538492014010022
15350,1.0,4,[3, 3, 3, 3, 2, 3, 3, 2, 3, 5, 4, 3, 3, 2, 2, 4, 3, 2, 2, 2, 3, 4, 3, 4, 2, 3, 3, 2, 4, 4, 3, 3, 2, 4, 2, 3, 3, 3, 2, 4, 4, 3, 3, 3, 2, 4, 4, 3, 3, 2],1.0351013993483922
15400,1.0,4,[3, 3, 3, 4, 2, 4, 3, 3, 3, 2, 2, 3, 4, 2, 2, 3, 2, 2, 4, 5, 3, 2, 4, 2, 2, 3, 3, 2, 3, 2, 5, 2, 2, 4, 2, 3, 3, 2, 4, 2, 3, 3, 5, 4, 2, 3, 3, 5, 4, 2],0.7864890926612098
15450,1.0,4,[3, 3, 3, 3, 2, 3, 2, 1, 4, 2, 4, 4, 2, 3, 2, 2, 4, 4, 3, 4, 2, 4, 5, 2, 4, 4, 3, 2, 3, 2, 4, 2, 3, 4, 2, 3, 3, 2, 4, 2, 3, 3, 3, 4, 4, 3, 3, 4, 3, 4],1.0662855999717922
15500,1.0,4,[4, 3, 4, 4, 2, 2, 4, 2, 4, 4, 3, 2, 2, 3, 2, 2, 2, 2, 3, 2, 2, 3, 2, 3, 4, 3, 3, 2, 1, 2, 3, 5, 4, 2, 4, 4, 3, 4, 3, 2, 3, 4, 5, 4, 2, 4, 3, 3, 2, 4],0.9124436127933981
15550,1.0,4,[3, 3, 3, 3, 2, 2, 3, 2, 3, 2, 3, 3, 2, 2, 2, 3, 4, 5, 4, 2, 2, 3, 3, 2, 5, 3, 4, 3, 4, 4, 3, 3, 2, 3, 5, 2, 3, 2, 3, 2, 3, 3, 2, 4, 2, 4, 2, 2, 3, 2],0.7493595437903089
15600,1.0,4,[3, 2, 2, 5, 3, 3, 4, 2, 2, 4, 3, 3, 3, 2, 2, 2, 3, 4, 3, 2, 3, 3, 2, 2, 5, 3, 3, 2, 3, 4, 3, 4, 2, 3, 4, 3, 3, 2, 4, 4, 4, 3, 4, 4, 4, 3, 4, 3, 5, 2],1.009954547842325
15650,1.0,4,[1, 3, 2, 2, 2, 4, 2, 2, 2, 4, 3, 3, 3, 3, 5, 3, 4, 3, 3, 2, 4, 2, 3, 2, 2, 3, 2, 4, 3, 2, 3, 4, 3, 3, 4, 3, 4, 5, 3, 2, 3, 3, 3, 2, 4, 4, 3, 3, 3, 4],0.9491658634645639
15700,1.0,4,[4, 2, 3, 2, 2, 3, 3, 2, 4, 4, 3, 5, 2, 2, 2, 4, 3, 5, 3, 4, 3, 4, 2, 3, 2, 3, 3, 4, 3, 2, 4, 3, 3, 3, 4, 4, 4, 3, 4, 4, 4, 3, 4, 2, 4, 2, 4, 2, 2, 2],1.1173591022964957
15750,1.0,4,[4, 3, 5, 5, 2, 2, 2, 4, 4, 4, 4, 3, 4, 2, 4, 2, 3, 2, 4, 4, 3, 2, 2, 4, 2, 4, 4, 4, 3, 2, 2, 3, 3, 1, 4, 3, 3, 1, 2, 2, 3, 2, 2, 4, 4, 3, 3, 5, 1, 4],0.9068977902926743
15800,1.0,4,[3, 3, 2, 3, 2, 3, 3, 2, 4, 2, 4, 2, 2, 3, 2, 3, 2, 3, 3, 2, 3, 3, 4, 3, 2, 3, 3, 2, 3, 2, 4, 3, 2, 4, 2, 4, 4, 2, 2, 4, 4, 4, 3, 2, 2, 2, 1, 2, 3, 2],0.7773394450431881
15850,1.0,4,[5, 3, 3, 3, 2, 3, 3, 3, 3, 2, 3, 3, 2, 3, 3, 2, 2, 2, 3, 2, 4, 2, 4, 3, 4, 3, 3, 2, 3, 2, 4, 3, 2, 3, 2, 3, 4, 2, 2, 2, 4, 3, 3, 4, 2, 2, 3, 2, 5, 4],0.8249798680781941
15900,1.0,4,[3, 3, 3, 1, 2, 3, 2, 3, 1, 2, 3, 3, 2, 2, 4, 3, 4, 2, 3, 4, 3, 2, 5, 4, 2, 4, 3, 2, 1, 2, 4, 3, 2, 5, 4, 2, 3, 5, 3, 3, 3, 3, 2, 2, 4, 3, 3, 4, 3, 2],0.748656227826462
15950,1.0,4,[3, 3, 5, 3, 5, 5, 4, 2, 5, 1, 3, 2, 4, 4, 2, 3, 2, 2, 4, 2, 3, 3, 2, 4, 2, 3, 3, 3, 5, 2, 3, 5, 2, 4, 2, 2, 2, 3, 2, 2, 3, 3, 2, 5, 4, 3, 2, 2, 3, 2],0.6440706320191835
16000,1.0,4,[3, 3, 2, 3, 2, 3, 3, 2, 3, 4, 5, 3, 3, 2, 4, 5, 3, 2, 3, 4, 2, 3, 2, 5, 2, 3, 3, 1, 4, 4, 1, 3, 3, 3, 2, 3, 4, 2, 4, 2, 4, 3, 4, 2, 5, 2, 2, 3, 4, 2],0.8066379626124625
16050,1.0,4,[2, 2, 3, 2, 2, 2, 3, 3, 3, 2, 3, 4, 2, 4, 2, 2, 3, 3, 4, 2, 3, 3, 4, 5, 4, 2, 4, 2, 4, 2, 3, 2, 5, 3, 2, 4, 3, 3, 2, 2, 3, 3, 2, 4, 4, 3, 4, 2, 2, 2],0.8030553822471248
16100,1.0,4,[2, 1, 2, 3, 2, 4, 4, 2, 2, 2, 3, 3, 2, 4, 4, 2, 1, 2, 2, 2, 3, 3, 2, 5, 4, 2, 3, 4, 2, 2, 2, 3, 3, 3, 2, 3, 3, 3, 3, 2, 3, 2, 3, 2, 4, 2, 3, 5, 3, 2],0.539126175663442
16150,1.0,4,[2, 2, 2, 3, 5, 4, 2, 2, 2, 2, 3, 3, 2, 3, 2, 3, 4, 4, 3, 2, 3, 2, 2, 3, 2, 4, 2, 3, 2, 2, 2, 3, 2, 1, 2, 4, 3, 3, 3, 2, 3, 2, 2, 4, 2, 2, 3, 4, 2, 5],0.49607936588020296
16200,1.0,4,[4, 3, 3, 1, 2, 2, 2, 2, 2, 4, 3, 2, 2, 2, 1, 3, 5, 3, 3, 4, 3, 3, 3, 4, 4, 2, 4, 2, 4, 2, 3, 2, 2, 3, 5, 3, 3, 2, 3, 2, 3, 5, 3, 4, 4, 3, 4, 3, 4, 4],0.8692182423960597
16250,1.0,4,[2, 3, 3, 3, 2, 4, 3, 4, 3, 2, 3, 4, 2, 2, 4, 3, 3, 2, 3, 2, 3, 3, 2, 2, 4, 2, 3, 5, 4, 2, 3, 2, 2, 3, 4, 4, 3, 3, 3, 2, 3, 2, 3, 3, 4, 3, 2, 2, 3, 4],0.8514817297101476
16300,1.0,4,[4, 2, 4, 2, 2, 2, 3, 4, 3, 4, 3, 2, 3, 3, 2, 4, 3, 3, 2, 4, 3, 3, 2, 4, 2, 4, 4, 3, 2, 2, 2, 4, 3, 3, 4, 2, 4, 2, 3, 4, 3, 3, 2, 3, 2, 2, 3, 2, 2, 4],0.911631874945595
16350,1.0,4,[3, 3, 2, 5, 2, 3, 3, 2, 4, 2, 3, 3, 3, 5, 2, 3, 5, 3, 3, 2, 4, 3, 5, 3, 2, 2, 3, 4, 3, 4, 3, 3, 3, 4, 2, 3, 3, 3, 3, 4, 2, 5, 3, 4, 2, 3, 3, 2, 2, 2],0.9074554610534641
16400,1.0,4,[4, 3, 2, 3, 2, 2, 3, 2, 3, 2, 5, 2, 3, 2, 2, 2, 3, 3, 3, 2, 5, 4, 2, 2, 2, 3, 4, 2, 3, 4, 2, 2, 3, 2, 2, 3, 3, 2, 2, 2, 2, 2, 2, 2, 2, 2, 2, 2, 2, 2],0.2901465175180156
16450,1.0,4,[3, 3, 2, 3, 2, 3, 3, 3, 3, 2, 4, 3, 2, 4, 2, 4, 3, 2, 3, 2, 3, 4, 4, 3, 4, 3, 3, 5, 3, 2, 2, 3, 2, 5, 4, 3, 4, 2, 2, 2, 3, 4, 4, 4, 2, 3, 4, 2, 2, 4],0.9989845801351618
16500,1.0,4,[3, 5, 2, 2, 4, 4, 5, 3, 2, 2, 4, 2, 3, 3, 4, 2, 4, 3, 2, 2, 2, 3, 2, 3, 2, 2, 4, 2, 3, 2, 3, 2, 4, 4, 4, 3, 2, 2, 3, 5, 4, 3, 4, 2, 2, 2, 3, 4, 4, 4],0.8612357808469494
16550,1.0,4,[2, 1, 5, 4, 2, 4, 3, 4, 4, 4, 2, 3, 2, 2, 2, 2, 3, 2, 4, 4, 3, 3, 2, 3, 3, 4, 3, 2, 2, 4, 3, 3, 2, 3, 2, 3, 3, 2, 3, 4, 3, 3, 2, 3, 4, 2, 3, 3, 3, 2],0.8220651555764406
16600,1.0,4,[3, 5, 2, 2, 4, 3, 3, 5, 5, 2, 3, 3, 2, 2, 2, 2, 3, 3, 4, 2, 2, 3, 4, 4, 2, 3, 3, 2, 4, 2, 3, 3, 4, 3, 2, 2, 3, 4, 2, 4, 4, 2, 3, 4, 4, 3, 3, 2, 3, 2],0.8485199729704266
16650,1.0,4,[3, 3, 3, 3, 2, 4, 3, 4, 3, 2, 4, 3, 2, 3, 2, 3, 2, 2, 3, 2, 2, 3, 2, 3, 4, 4, 4, 3, 2, 1, 2, 3, 2, 4, 2, 3, 2, 3, 2, 2, 3, 5, 3, 3, 4, 2, 3, 4, 2, 4],0.8035406732477017
16700,1.0,4,[4, 4, 3, 4, 4, 2, 3, 2, 4, 2, 4, 3, 2, 3, 2, 3, 3, 3, 4, 2, 3, 3, 2, 3, 3, 3, 4, 2, 3, 4, 2, 2, 3, 3, 2, 4, 4, 3, 2, 1, 3, 3, 2, 3, 4, 4, 5, 4, 4, 2],1.071219360674661
16750,1.0,4,[3, 5, 3, 3, 2, 4, 3, 2, 3, 2, 5, 5, 3, 3, 2, 2, 3, 2, 3, 4, 3, 3, 5, 2, 2, 2, 3, 2, 3, 2, 3, 3, 3, 3, 2, 4, 3, 2, 4, 4, 5, 4, 2, 2, 2, 3, 5, 3, 4, 2],0.8247833565428717
16800,1.0,4,[2, 3, 3, 2, 4, 2, 3, 4, 3, 2, 2, 3, 4, 3, 2, 3, 4, 5, 3, 4, 3, 3, 4, 3, 4, 2, 4, 2, 2, 2, 2, 4, 2, 5, 2, 3, 4, 2, 3, 3, 3, 3, 2, 2, 2, 3, 3, 2, 2, 4],0.814630349306086
16850,1.0,4,[4, 3, 2, 3, 2, 1, 3, 2, 3, 2, 2, 3, 4, 2, 3, 2, 2, 3, 3, 4, 3, 5, 3, 5, 2, 4, 3, 2, 2, 2, 3, 4, 2, 3, 2, 5, 3, 2, 3, 2, 3, 3, 3, 3, 4, 3, 3, 4, 4, 4],0.840744103964879
16900,1.0,4,[3, 3, 2, 4, 2, 2, 3, 2, 2, 4, 3, 3, 3, 2, 5, 4, 4, 2, 3, 2, 2, 3, 2, 4, 2, 2, 3, 3, 4, 2, 5, 3, 4, 3, 4, 3, 3, 2, 4, 2, 2, 4, 2, 3, 4, 3, 3, 2, 5, 4],0.8726501381093881
16950,1.0,4,[3, 2, 3, 2, 2, 3, 2, 2, 2, 4, 2, 3, 5, 3, 4, 2, 3, 2, 4, 2, 3, 3, 3, 2, 2, 3, 4, 2, 2, 2, 2, 3, 2, 3, 4, 4, 2, 2, 3, 4, 3, 4, 3, 3, 4, 4, 3, 2, 3, 2],0.7392171372046822
17000,1.0,4,[4, 3, 2, 2, 2, 3, 3, 3, 3, 1, 3, 4, 2, 4, 4, 2, 3, 2, 2, 2, 3, 3, 5, 1, 2, 3, 3, 2, 2, 4, 3, 3, 4, 3, 2, 3, 3, 3, 4, 4, 3, 4, 3, 3, 4, 3, 4, 3, 3, 2],0.929576367702265
17050,1.0,4,[3, 4, 2, 4, 4, 3, 4, 4, 4, 2, 4, 3, 4, 2, 2, 2, 4, 3, 2, 4, 3, 3, 2, 3, 4, 2, 3, 5, 2, 4, 3, 4, 2, 3, 2, 3, 3, 4, 3, 4, 3, 3, 3, 3, 4, 2, 3, 2, 3, 5],1.0877613237863744
17100,1.0,4,[3, 3, 2, 5, 2, 3, 3, 2, 3, 4, 3, 3, 2, 3, 4, 2, 4, 4, 4, 4, 2, 3, 5, 4, 2, 5, 3, 3, 3, 2, 4, 3, 2, 3, 3, 3, 2, 3, 4, 2, 4, 2, 2, 3, 2, 2, 2, 3, 5, 4],0.9073746633336748
17150,1.0,4,[2, 3, 3, 2, 2, 2, 3, 2, 2, 4, 3, 3, 5, 3, 2, 3, 2, 2, 4, 2, 4, 4, 2, 2, 4, 3, 3, 5, 4, 4, 3, 3, 3, 2, 4, 3, 3, 2, 3, 2, 2, 3, 4, 3, 5, 3, 3, 2, 3, 4],0.8150142244545555
17200,1.0,4,[3, 3, 2, 4, 4, 3, 3, 3, 2, 2, 3, 2, 3, 3, 4, 2, 1, 3, 2, 2, 3, 3, 5, 3, 4, 4, 3, 2, 4, 2, 4, 4, 3, 2, 2, 3, 3, 5, 3, 2, 3, 3, 4, 3, 4, 3, 3, 2, 1, 4],0.9117055209472158
17250,1.0,4,[2, 2, 3, 2, 3, 3, 3, 2, 4, 2, 3, 3, 2, 2, 5, 2, 3, 2, 4, 2, 3, 3, 2, 2, 4, 2, 3, 4, 4, 2, 4, 3, 3, 2, 4, 2, 2, 4, 4, 2, 3, 5, 5, 3, 2, 4, 3, 3, 2, 2],0.7313251963720209
17300,1.0,4,[4, 3, 3, 3, 2, 3, 2, 2, 2, 2, 3, 3, 2, 2, 2, 3, 2, 2, 4, 4, 3, 2, 4, 3, 4, 2, 2, 5, 3, 2, 2, 3, 3, 3, 2, 4, 4, 2, 3, 2, 2, 5, 2, 4, 2, 3, 3, 5, 3, 4],0.7071449946202182
17350,1.0,4,[3, 4, 3, 4, 2, 2, 3, 3, 3, 4, 4, 4, 5, 3, 4, 3, 3, 2, 4, 2, 3, 5, 2, 2, 4, 2, 2, 3, 3, 4, 4, 2, 3, 3, 2, 3, 2, 5, 3, 4, 5, 4, 2, 2, 2, 3, 3, 2, 2, 2],0.9088911768164232
17400,1.0,4,[3, 4, 2, 4, 2, 3, 2, 4, 3, 2, 3, 1, 2, 4, 5, 3, 3, 5, 4, 2, 2, 3, 3, 3, 4, 4, 3, 2, 3, 4, 4, 3, 2, 4, 2, 4, 3, 2, 2, 5, 3, 3, 2, 4, 2, 3, 2, 5, 4, 2],0.9224461539258635
17450,1.0,4,[2, 2, 3, 3, 2, 3, 3, 2, 2, 2, 3, 4, 4, 3, 2, 3, 4, 3, 4, 4, 2, 3, 3, 4, 2, 5, 3, 2, 2, 4, 3, 4, 2, 3, 2, 3, 3, 3, 3, 4, 3, 3, 3, 4, 2, 4, 3, 4, 3, 5],1.0168767932199636
17500,1.0,4,[3, 2, 3, 4, 4, 2, 2, 2, 3, 5, 4, 2, 3, 3, 2, 3, 3, 2, 2, 4, 3, 2, 4, 2, 4, 3, 2, 2, 5, 2, 3, 3, 4, 4, 4, 4, 4, 2, 3, 2, 2, 2, 3, 5, 2, 2, 2, 2, 3, 1],0.6609333145679829
17550,1.0,4,[4, 3, 2, 3, 2, 3, 3, 2, 3, 2, 2, 3, 3, 2, 2, 5, 3, 3, 3, 4, 2, 3, 2, 5, 2, 4, 3, 5, 3, 3, 3, 4, 3, 5, 2, 3, 2, 5, 3, 2, 3, 2, 2, 4, 4, 4, 4, 3, 3, 2],0.8733936376860326
17600,1.0,4,[3, 3, 5, 3, 4, 3, 4, 5, 3, 4, 3, 3, 5, 2, 4, 1, 3, 3, 3, 2, 3, 2, 3, 3, 5, 3, 3, 4, 2, 4, 4, 4, 3, 4, 2, 2, 3, 4, 5, 2, 2, 3, 3, 5, 2, 3, 3, 2, 3, 4],1.0036440974610765
17650,1.0,4,[3, 3, 3, 3, 4, 3, 2, 2, 2, 2, 3, 4, 5, 2, 2, 3, 3, 5, 4, 5, 3, 2, 4, 1, 2, 3, 3, 3, 2, 2, 3, 3, 2, 3, 5, 2, 3, 3, 3, 2, 3, 3, 2, 3, 2, 3, 2, 2, 3, 4],0.6707549749194064
17700,1.0,4,[3, 4, 4, 2, 2, 3, 3, 2, 2, 2, 2, 3, 3, 2, 4, 2, 3, 4, 4, 2, 1, 4, 5, 2, 4, 3, 5, 3, 3, 2, 2, 4, 3, 3, 2, 4, 3, 3, 5, 2, 3, 2, 2, 4, 4, 3, 1, 5, 4, 2],0.8337574929710712
17750,1.0,4,[2, 3, 3, 3, 2, 3, 2, 3, 3, 2, 3, 4, 2, 1, 2, 2, 3, 2, 4, 2, 3, 2, 2, 3, 2, 2, 3, 2, 1, 2, 2, 3, 2, 3, 4, 4, 2, 2, 3, 2, 4, 4, 3, 3, 2, 2, 3, 2, 5, 2],0.5015360095623846
17800,1.0,4,[3, 4, 2, 2, 2, 3, 2, 3, 3, 2, 3, 2, 2, 3, 2, 2, 4, 3, 3, 2, 3, 3, 4, 3, 4, 2, 5, 4, 2, 2, 3, 2, 5, 5, 2, 3, 4, 3, 5, 2, 2, 1, 3, 3, 4, 2, 4, 2, 3, 2],0.6970478678993302
17850,1.0,4,[3, 2, 2, 4, 2, 3, 3, 2, 4, 4, 2, 3, 2, 2, 2, 2, 3, 2, 3, 2, 4, 3, 2, 3, 2, 2, 4, 3, 4, 4, 3, 3, 5, 3, 5, 2, 3, 5, 5, 2, 3, 3, 4, 3, 2, 3, 3, 3, 3, 2],0.7710755720060465
17900,1.0,4,[3, 3, 3, 4, 4, 3, 4, 2, 2, 3, 3, 3, 5, 3, 4, 3, 3, 4, 2, 2, 3, 3, 3, 4, 2, 4, 3, 2, 2, 2, 2, 3, 5, 2, 4, 3, 3, 3, 5, 2, 4, 3, 3, 2, 2, 4, 3, 2, 2, 3],0.9397077017828952
17950,1.0,4,[3, 3, 4, 3, 4, 3, 3, 3, 5, 2, 2, 3, 2, 4, 2, 2, 2, 3, 1, 4, 2, 3, 3, 4, 4, 4, 3, 3, 5, 2, 3, 4, 3, 5, 2, 5, 3, 2, 4, 2, 3, 3, 2, 2, 2, 2, 3, 5, 2, 2],0.79286110430557
18000,1.0,4,[3, 3, 2, 4, 2, 3, 3, 3, 3, 2, 2, 3, 2, 3, 4, 2, 4, 2, 4, 5, 1, 2, 2, 4, 2, 3, 4, 4, 2, 2, 2, 3, 2, 3, 2, 2, 3, 4, 3, 2, 3, 3, 4, 3, 4, 2, 3, 4, 4, 2],0.8018298138577163
18050,1.0,4,[2, 3, 2, 3, 5, 2, 4, 3, 2, 2, 3, 4, 2, 3, 4, 3, 4, 4, 3, 2, 3, 4, 2, 2, 2, 2, 3, 5, 2, 4, 3, 3, 3, 2, 4, 3, 3, 5, 3, 5, 2, 3, 2, 3, 4, 3, 3, 2, 2, 2],0.7676270753701934
18100,1.0,4,[3, 3, 3, 4, 4, 3, 5, 2, 4, 2, 3, 4, 2, 4, 2, 4, 3, 2, 3, 4, 4, 4, 5, 2, 2, 3, 2, 3, 3, 2, 3, 4, 2, 3, 2, 3, 3, 2, 4, 2, 4, 3, 2, 3, 2, 4, 3, 2, 2, 2],0.9779541436807213
18150,1.0,4,[2, 3, 2, 4, 2, 3, 3, 4, 2, 2, 2, 3, 2, 4, 2, 3, 2, 5, 4, 2, 3, 4, 2, 2, 2, 2, 3, 4, 3, 2, 4, 3, 3, 3, 2, 2, 2, 2, 4, 2, 2, 4, 5, 4, 2, 3, 3, 2, 4, 2],0.6978256225388774
18200,1.0,4,[4, 3, 2, 5, 1, 3, 3, 2, 4, 2, 3, 3, 3, 5, 3, 3, 3, 3, 2, 4, 3, 3, 2, 3, 2, 3, 3, 4, 4, 2, 4, 3, 4, 4, 2, 3, 3, 2, 3, 1, 3, 3, 3, 4, 2, 3, 3, 2, 5, 4],0.961895021545675
18250,1.0,4,[3, 3, 2, 3, 2, 3, 4, 2, 3, 2, 3, 5, 2, 3, 4, 3, 3, 2, 3, 2, 3, 3, 2, 4, 2, 3, 3, 4, 3, 2, 2, 3, 3, 3, 2, 3, 3, 3, 4, 4, 2, 2, 4, 3, 2, 2, 3, 2, 3, 2],0.7913582087461005
18300,1.0,4,[2, 3, 4, 3, 2, 3, 4, 3, 2, 2, 3, 3, 5, 3, 4, 3, 3, 3, 3, 4, 2, 3, 4, 3, 1, 3, 2, 2, 4, 4, 2, 4, 4, 2, 2, 4, 3, 4, 2, 4, 3, 3, 3, 2, 4, 3, 3, 2, 1, 2],0.9001240731078808
18350,1.0,4,[2, 4, 3, 4, 2, 3, 3, 3, 2, 2, 4, 3, 3, 2, 2, 3, 2, 4, 4, 2, 3, 3, 3, 4, 4, 3, 1, 5, 3, 2, 3, 4, 2, 3, 4, 4, 2, 2, 3, 2, 2, 3, 2, 2, 2, 4, 3, 4, 3, 2],0.8853937492553672
18400,1.0,4,[2, 2, 2, 3, 2, 2, 4, 4, 4, 2, 4, 3, 2, 3, 2, 4, 3, 2, 3, 2, 3, 3, 3, 3, 2, 3, 2, 5, 5, 1, 3, 4, 5, 3, 4, 4, 3, 4, 3, 4, 2, 4, 2, 3, 4, 3, 2, 2, 4, 2],0.8853223143232835
18450,1.0,4,[2, 3, 4, 2, 2, 4, 4, 2, 4, 4, 3, 2, 2, 4, 4, 3, 3, 5, 2, 2, 3, 4, 2, 4, 2, 3, 5, 2, 2, 2, 3, 2, 4, 4, 5, 3, 4, 3, 2, 4, 3, 3, 2, 2, 4, 3, 3, 3, 1, 4],0.9266149907133706
18500,1.0,4,[3, 3, 5, 3, 4, 4, 3, 5, 2, 2, 3, 4, 2, 3, 2, 5, 3, 3, 2, 2, 3, 2, 3, 3, 3, 4, 3, 2, 3, 4, 3, 3, 2, 2, 2, 2, 4, 4, 3, 2, 4, 2, 3, 3, 2, 4, 3, 5, 4, 4],0.9580729408776123
18550,1.0,4,[3, 3, 3, 3, 2, 3, 2, 2, 1, 2, 3, 3, 2, 5, 2, 2, 2, 4, 3, 2, 2, 3, 2, 2, 4, 3, 3, 3, 5, 2, 3, 3, 2, 4, 2, 3, 2, 3, 3, 2, 2, 3, 1, 4, 2, 3, 3, 2, 4, 4],0.5851949865534971
18600,1.0,4,[3, 3, 2, 3, 4, 3, 4, 2, 4, 2, 2, 4, 5, 4, 2, 3, 4, 3, 5, 3, 4, 3, 2, 3, 2, 2, 3, 4, 4, 2, 2, 3, 2, 3, 2, 3, 3, 3, 3, 2, 4, 2, 5, 5, 2, 3, 2, 4, 1, 4],0.9199083037400149
18650,1.0,4,[3, 3, 2, 5, 3, 2, 4, 3, 3, 2, 2, 4, 5, 4, 4, 3, 2, 2, 2, 2, 3, 3, 2, 5, 5, 3, 4, 3, 3, 5, 2, 3, 2, 4, 2, 3, 4, 3, 3, 4, 3, 3, 4, 2, 2, 3, 3, 2, 2, 1],0.8079010952665622
18700,1.0,4,[3, 2, 3, 3, 2, 3, 3, 4, 2, 2, 4, 3, 3, 3, 4, 2, 3, 2, 2, 2, 2, 3, 2, 3, 4, 2, 3, 3, 3, 4, 3, 2, 2, 4, 2, 3, 3, 2, 3, 4, 3, 4, 2, 2, 4, 4, 5, 5, 3, 2],0.8198586327942744
18750,1.0,4,[3, 2, 4, 2, 2, 3, 3, 5, 3, 4, 4, 3, 4, 3, 4, 2, 3, 3, 4, 2, 3, 4, 4, 3, 4, 3, 3, 2, 3, 2, 2, 4, 3, 2, 4, 3, 2, 5, 3, 4, 5, 3, 2, 3, 4, 3, 4, 3, 2, 2],1.037865251724693
18800,1.0,4,[3, 5, 4, 3, 2, 3, 4, 2, 4, 4, 4, 3, 2, 3, 2, 2, 2, 2, 3, 2, 3, 3, 5, 3, 2, 3, 4, 2, 2, 2, 2, 3, 2, 4, 2, 3, 4, 3, 2, 1, 3, 3, 2, 4, 2, 3, 3, 2, 2, 2],0.7063376596629282
18850,1.0,4,[3, 3, 2, 3, 4, 3, 3, 4, 3, 4, 3, 4, 2, 2, 2, 3, 4, 2, 3, 2, 2, 4, 2, 3, 2, 3, 4, 3, 2, 2, 3, 3, 4, 3, 2, 3, 3, 2, 3, 2, 4, 4, 5, 4, 2, 3, 3, 2, 2, 2],0.9086129642356465
18900,1.0,4,[2, 2, 2, 3, 4, 3, 5, 3, 3, 2, 3, 3, 3, 4, 4, 2, 3, 5, 2, 2, 3, 1, 3, 3, 2, 2, 4, 2, 2, 4, 3, 3, 2, 4, 2, 2, 2, 4, 2, 2, 1, 2, 2, 4, 2, 2, 3, 5, 3, 4],0.5769201973010087
18950,1.0,4,[4, 3, 4, 2, 2, 2, 5, 2, 3, 2, 3, 3, 2, 2, 4, 4, 3, 5, 3, 4, 4, 3, 5, 3, 4, 4, 4, 3, 3, 2, 3, 4, 4, 4, 4, 2, 2, 2, 3, 2, 3, 3, 4, 4, 4, 4, 3, 2, 3, 3],1.142640439057365
19000,1.0,4,[3, 3, 3, 4, 2, 4, 3, 2, 3, 3, 5, 3, 2, 3, 4, 3, 3, 2, 5, 2, 3, 5, 2, 4, 4, 2, 5, 2, 4, 2, 3, 3, 2, 5, 2, 4, 3, 2, 3, 2, 3, 3, 5, 2, 4, 2, 3, 3, 3, 4],0.8937961180547849
19050,1.0,4,[2, 4, 4, 4, 2, 3, 3, 2, 4, 4, 5, 3, 2, 5, 2, 3, 3, 5, 2, 4, 3, 3, 3, 1, 4, 3, 2, 2, 3, 2, 5, 2, 2, 4, 2, 2, 3, 3, 3, 4, 3, 3, 3, 3, 2, 3, 4, 2, 4, 4],0.9094266429215973
19100,1.0,4,[4, 2, 2, 3, 2, 4, 3, 5, 4, 2, 3, 4, 2, 4, 2, 3, 3, 4, 2, 4, 3, 3, 3, 4, 4, 4, 3, 3, 3, 4, 3, 2, 4, 2, 2, 4, 3, 2, 4, 2, 4, 4, 3, 5, 4, 3, 3, 3, 3, 2],1.1806347025002857
19150,1.0,4,[4, 3, 5, 3, 2, 2, 4, 2, 3, 4, 3, 4, 2, 2, 2, 3, 3, 2, 4, 2, 4, 2, 2, 4, 4, 3, 3, 2, 3, 2, 3, 2, 3, 3, 2, 3, 4, 3, 5, 2, 3, 2, 4, 2, 2, 2, 3, 4, 3, 2],0.8301678298978399
19200,1.0,4,[3, 3, 3, 3, 4, 2, 3, 3, 1, 4, 3, 3, 2, 3, 2, 3, 4, 3, 3, 2, 3, 3, 2, 3, 2, 2, 2, 2, 5, 2, 2, 4, 2, 4, 2, 2, 3, 5, 2, 4, 3, 3, 5, 2, 2, 2, 2, 2, 3, 4],0.6290895515075448
19250,1.0,4,[3, 4, 3, 5, 2, 1, 3, 2, 2, 2, 3, 3, 3, 2, 2, 3, 4, 4, 3, 4, 4, 3, 2, 3, 4, 2, 3, 3, 3, 2, 3, 4, 3, 2, 4, 4, 4, 2, 2, 4, 2, 3, 3, 4, 2, 2, 2, 2, 4, 2],0.9016166149870218
19300,1.0,4,[3, 3, 2, 3, 2, 5, 3, 3, 2, 2, 3, 2, 3, 5, 1, 2, 3, 5, 3, 4, 3, 2, 3, 4, 4, 3, 3, 2, 3, 2, 2, 3, 3, 2, 2, 3, 3, 5, 4, 4, 2, 3, 2, 5, 3, 2, 2, 5, 2, 4],0.6418698710737508
19350,1.0,4,[3, 3, 2, 2, 2, 3, 3, 3, 3, 2, 2, 2, 4, 2, 2, 3, 3, 5, 2, 2, 4, 3, 2, 3, 2, 3, 5, 2, 3, 2, 3, 3, 3, 3, 4, 4, 3, 2, 2, 3, 3, 4, 4, 2, 2, 3, 3, 2, 4, 5],0.7531230645834253
19400,1.0,4,[3, 2, 2, 2, 4, 3, 3, 2, 3, 2, 2, 3, 2, 5, 4, 4, 3, 2, 2, 5, 3, 3, 3, 2, 2, 2, 4, 2, 2, 4, 3, 4, 3, 2, 2, 3, 2, 2, 5, 2, 3, 3, 4, 4, 2, 3, 2, 3, 2, 2],0.6238071080539519
19450,1.0,4,[3, 2, 3, 4, 2, 3, 4, 2, 4, 2, 2, 3, 4, 5, 2, 3, 4, 2, 4, 4, 3, 3, 3, 3, 2, 3, 5, 3, 4, 2, 3, 3, 2, 2, 3, 3, 3, 2, 2, 4, 3, 3, 2, 4, 4, 3, 4, 3, 3, 2],1.008893378487735
19500,1.0,4,[3, 3, 3, 3, 3, 2, 4, 3, 3, 4, 2, 3, 2, 3, 2, 2, 4, 3, 3, 5, 4, 3, 2, 4, 4, 3, 2, 2, 4, 4, 3, 3, 3, 3, 4, 4, 2, 2, 4, 4, 3, 3, 4, 4, 2, 2, 3, 3, 2, 2],1.032816541540892
19550,1.0,4,[4, 4, 3, 3, 4, 3, 3, 3, 3, 2, 2, 3, 5, 3, 2, 2, 3, 5, 1, 2, 3, 2, 3, 5, 4, 3, 4, 2, 3, 2, 3, 3, 4, 2, 2, 3, 2, 2, 4, 5, 3, 2, 2, 3, 2, 3, 4, 2, 3, 2],0.7738766806490044
19600,1.0,4,[3, 4, 2, 2, 4, 4, 3, 3, 3, 2, 2, 3, 3, 4, 4, 3, 3, 2, 4, 2, 4, 4, 3, 4, 5, 3, 2, 3, 3, 2, 4, 3, 2, 2, 2, 3, 3, 5, 3, 2, 3, 4, 5, 3, 1, 2, 3, 2, 2, 2],0.8945257450555569
19650,1.0,4,[3, 3, 2, 4, 5, 3, 4, 3, 4, 4, 3, 3, 2, 4, 2, 1, 2, 3, 2, 2, 2, 3, 4, 4, 2, 3, 4, 5, 3, 2, 3, 4, 4, 5, 4, 4, 2, 2, 4, 2, 3, 3, 2, 5, 2, 2, 3, 2, 2, 2],0.875789906394242
19700,1.0,4,[2, 4, 3, 3, 2, 2, 3, 1, 3, 4, 4, 3, 2, 4, 2, 4, 3, 3, 3, 2, 2, 2, 3, 2, 4, 3, 3, 2, 2, 2, 2, 4, 4, 4, 2, 3, 3, 2, 3, 2, 3, 3, 3, 3, 4, 3, 4, 4, 5, 4],0.9347706824264864
19750,1.0,4,[3, 4, 4, 3, 4, 2, 3, 2, 2, 2, 2, 2, 2, 2, 3, 2, 3, 5, 2, 4, 3, 4, 3, 3, 2, 3, 4, 4, 2, 2, 4, 3, 2, 3, 2, 3, 2, 4, 2, 2, 2, 3, 3, 2, 2, 3, 2, 4, 4, 2],0.7125367547529059
19800,1.0,4,[3, 5, 3, 3, 4, 3, 4, 2, 3, 2, 4, 5, 5, 3, 4, 4, 3, 2, 3, 2, 2, 3, 2, 2, 4, 2, 4, 3, 2, 4, 4, 3, 4, 2, 2, 2, 3, 2, 4, 2, 3, 3, 2, 4, 2, 3, 5, 2, 3, 2],0.8982914705177797
19850,1.0,4,[3, 4, 5, 2, 2, 3, 2, 2, 2, 2, 4, 4, 3, 3, 2, 3, 4, 3, 3, 4, 3, 3, 3, 3, 2, 3, 3, 2, 4, 4, 4, 1, 3, 4, 4, 3, 3, 2, 2, 2, 2, 4, 3, 5, 5, 4, 4, 3, 3, 4],1.0796865082935616
19900,1.0,4,[2, 3, 5, 3, 2, 3, 3, 4, 3, 2, 3, 3, 2, 2, 2, 3, 3, 2, 3, 4, 4, 2, 3, 3, 4, 4, 3, 2, 4, 2, 4, 2, 3, 3, 4, 3, 3, 4, 3, 4, 3, 4, 3, 5, 3, 4, 3, 3, 2, 4],1.07185287929939
19950,1.0,4,[4, 3, 2, 3, 2, 3, 3, 2, 3, 2, 2, 3, 2, 3, 2, 3, 2, 3, 3, 2, 4, 3, 3, 3, 2, 3, 3, 2, 4, 4, 2, 3, 2, 3, 2, 2, 3, 2, 3, 2, 2, 4, 2, 3, 2, 5, 3, 2, 3, 2],0.6503376037379877
20000,1.0,4,[2, 3, 3, 3, 4, 2, 3, 2, 2, 4, 3, 5, 3, 3, 2, 3, 3, 3, 2, 2, 4, 4, 2, 5, 2, 3, 3, 4, 2, 2, 3, 3, 4, 3, 2, 3, 3, 3, 3, 2, 3, 2, 5, 4, 2, 4, 3, 3, 3, 2],0.8767807386749962
20050,2.0,5,[4, 2, 5, 4, 4, 4, 4, 4, 3, 4, 4, 3, 5, 3, 4, 2, 5, 2, 3, 4, 4, 2, 3, 3, 4, 4, 3, 3, 3, 1, 4, 4, 4, 4, 4, 3, 3, 3, 3, 4, 3, 4, 2, 4, 4, 4, 4, 4, 3, 2],1.4739797612463785
20100,2.0,5,[4, 4, 4, 5, 2, 4, 3, 2, 5, 4, 4, 4, 2, 4, 4, 4, 4, 5, 3, 4, 3, 4, 4, 5, 2, 4, 4, 5, 4, 5, 4, 4, 5, 4, 2, 4, 1, 3, 4, 4, 5, 5, 3, 4, 2, 3, 4, 5, 3, 4],1.656793360152459
20150,2.0,5,[5, 5, 4, 5, 4, 4, 3, 3, 3, 5, 3, 2, 5, 2, 2, 3, 4, 4, 4, 4, 4, 3, 2, 5, 4, 4, 5, 3, 5, 4, 3, 4, 3, 4, 5, 3, 3, 5, 5, 2, 3, 4, 5, 5, 4, 4, 3, 2, 4, 4],1.4197484218577123
20200,2.0,5,[4, 3, 3, 4, 4, 2, 4, 2, 3, 4, 4, 4, 4, 4, 4, 3, 4, 3, 5, 2, 3, 5, 4, 3, 2, 4, 5, 4, 4, 4, 3, 4, 4, 3, 5, 4, 3, 4, 4, 2, 3, 4, 3, 4, 4, 4, 4, 2, 5, 4],1.6087299015658445
20250,2.0,5,[5, 3, 4, 5, 4, 4, 4, 2, 3, 4, 4, 4, 3, 5, 2, 4, 4, 3, 4, 5, 3, 4, 3, 5, 2, 4, 3, 3, 5, 4, 4, 3, 4, 5, 4, 2, 3, 3, 3, 3, 3, 4, 4, 4, 4, 4, 3, 4, 5, 4],1.5912360290133916
20300,2.0,5,[5, 5, 4, 4, 4, 2, 3, 5, 2, 2, 4, 4, 3, 4, 4, 4, 3, 4, 3, 4, 4, 4, 4, 3, 2, 3, 5, 2, 3, 2, 3, 4, 3, 4, 5, 3, 3, 3, 5, 2, 4, 4, 5, 3, 2, 4, 3, 5, 3, 5],1.36400560772238
20350,2.0,5,[3, 4, 5, 4, 5, 4, 3, 5, 5, 4, 3, 5, 4, 4, 2, 3, 5, 5, 3, 4, 4, 4, 3, 3, 4, 2, 3, 2, 4, 4, 5, 5, 5, 4, 5, 4, 5, 4, 3, 4, 4, 4, 4, 5, 4, 3, 4, 4, 3, 4],1.6193548944756273
20400,2.0,5,[4, 4, 3, 4, 2, 4, 4, 3, 4, 3, 4, 3, 4, 3, 4, 3, 4, 4, 3, 4, 4, 4, 5, 3, 2, 4, 3, 3, 4, 2, 3, 4, 4, 4, 4, 2, 5, 4, 5, 2, 3, 5, 5, 2, 4, 4, 3, 3, 5, 4],1.5584461788774868
20450,2.0,5,[3, 4, 5, 4, 2, 4, 3, 4, 5, 5, 3, 4, 5, 2, 4, 4, 5, 5, 2, 4, 3, 4, 5, 3, 2, 4, 3, 4, 3, 4, 5, 5, 5, 4, 4, 3, 5, 4, 5, 2, 4, 4, 3, 3, 3, 3, 3, 5, 4, 4],1.4761530330948804
20500,2.0,5,[4, 3, 5, 3, 4, 2, 2, 4, 4, 4, 4, 4, 5, 5, 2, 3, 4, 2, 3, 4, 4, 3, 5, 4, 4, 3, 5, 4, 4, 4, 3, 3, 3, 3, 4, 3, 3, 4, 4, 4, 4, 3, 2, 4, 2, 3, 4, 4, 4, 2],1.4648687988854516
20550,2.0,5,[3, 5, 4, 5, 2, 4, 3, 5, 5, 4, 4, 2, 5, 5, 4, 5, 5, 2, 3, 3, 3, 4, 3, 3, 2, 4, 3, 5, 3, 5, 4, 3, 3, 4, 4, 5, 4, 3, 4, 2, 3, 4, 3, 5, 4, 5, 4, 5, 4, 2],1.4055322738091234
20600,2.0,5,[2, 2, 5, 4, 5, 4, 4, 3, 4, 4, 4, 3, 4, 4, 4, 5, 3, 3, 4, 2, 4, 4, 5, 3, 3, 3, 3, 5, 4, 2, 5, 4, 2, 5, 4, 3, 4, 3, 5, 4, 4, 4, 3, 4, 4, 4, 4, 5, 4, 4],1.619052089244433
20650,2.0,5,[3, 4, 4, 3, 4, 3, 4, 4, 5, 5, 4, 4, 3, 3, 2, 3, 3, 5, 4, 4, 3, 4, 5, 5, 2, 1, 4, 3, 5, 5, 3, 4, 4, 5, 2, 4, 3, 3, 4, 2, 2, 3, 4, 4, 2, 3, 4, 5, 5, 2],1.3772232545721728
20700,2.0,5,[4, 3, 5, 3, 4, 4, 4, 3, 5, 4, 3, 4, 4, 4, 5, 3, 5, 4, 4, 4, 4, 4, 5, 3, 5, 3, 4, 4, 4, 4, 4, 4, 4, 5, 5, 5, 2, 4, 3, 4, 4, 5, 2, 4, 4, 3, 3, 5, 3, 2],1.659962617172733
20750,2.0,5,[4, 4, 3, 5, 2, 4, 4, 5, 2, 4, 2, 2, 4, 3, 5, 4, 3, 2, 4, 4, 4, 4, 3, 3, 4, 4, 3, 2, 4, 4, 4, 5, 2, 4, 2, 4, 3, 3, 4, 4, 2, 4, 4, 5, 4, 3, 3, 4, 5, 5],1.4806827963721696
20800,2.0,5,[4, 4, 3, 5, 4, 4, 5, 5, 4, 4, 4, 4, 4, 4, 4, 3, 4, 4, 5, 5, 4, 4, 5, 5, 5, 4, 4, 2, 4, 5, 4, 3, 4, 5, 2, 3, 2, 4, 3, 4, 4, 3, 3, 3, 5, 3, 5, 5, 5, 4],1.7175323348570832
20850,2.0,5,[4, 3, 2, 4, 4, 3, 4, 3, 5, 4, 4, 5, 3, 5, 3, 3, 3, 2, 4, 4, 3, 5, 4, 5, 4, 2, 4, 4, 5, 4, 4, 3, 5, 5, 4, 4, 3, 5, 3, 4, 4, 4, 4, 3, 4, 3, 3, 2, 5, 4],1.540852560249435
20900,2.0,5,[4, 4, 5, 4, 4, 2, 4, 4, 3, 2, 5, 5, 4, 4, 4, 4, 4, 5, 5, 5, 4, 4, 2, 4, 4, 4, 3, 4, 4, 2, 3, 4, 3, 3, 2, 4, 2, 5, 5, 4, 4, 5, 5, 2, 4, 4, 4, 4, 5, 4],1.6806679623574325
20950,2.0,5,[3, 4, 4, 5, 2, 3, 4, 3, 3, 4, 4, 4, 4, 4, 4, 4, 3, 4, 2, 4, 3, 5, 3, 4, 5, 4, 3, 4, 4, 5, 5, 4, 5, 4, 2, 4, 4, 3, 5, 4, 4, 4, 5, 3, 4, 3, 4, 4, 4, 4],1.7234719413727775
21000,2.0,5,[3, 3, 5, 4, 4, 2, 4, 2, 3, 4, 3, 5, 3, 3, 4, 4, 4, 4, 3, 2, 3, 1, 4, 4, 4, 3, 4, 5, 3, 2, 4, 4, 2, 3, 4, 4, 5, 2, 5, 2, 4, 4, 3, 5, 4, 3, 4, 5, 4, 3],1.4174263720213345
21050,2.0,5,[3, 3, 4, 4, 4, 4, 3, 5, 5, 4, 3, 4, 3, 5, 5, 3, 3, 4, 4, 5, 3, 4, 2, 5, 5, 3, 5, 4, 4, 2, 4, 4, 5, 4, 4, 4, 4, 5, 4, 5, 4, 3, 3, 3, 2, 2, 4, 3, 5, 4],1.5551006093672954
21100,2.0,5,[4, 4, 4, 4, 4, 4, 3, 5, 5, 2, 2, 4, 3, 3, 4, 4, 3, 5, 5, 4, 3, 4, 2, 3, 4, 4, 3, 2, 5, 4, 4, 4, 5, 4, 4, 3, 4, 3, 3, 4, 4, 3, 5, 4, 2, 4, 3, 4, 5, 4],1.6042995396833681
21150,2.0,5,[4, 5, 4, 4, 5, 5, 4, 2, 3, 4, 3, 4, 2, 4, 4, 4, 4, 4, 5, 5, 3, 3, 4, 5, 2, 4, 4, 5, 4, 2, 4, 4, 4, 3, 4, 3, 5, 3, 4, 4, 4, 4, 2, 5, 4, 4, 5, 3, 3, 4],1.676610716936633
21200,2.0,5,[3, 3, 3, 5, 5, 4, 1, 5, 3, 4, 3, 4, 4, 5, 4, 3, 4, 2, 3, 4, 3, 4, 4, 4, 4, 5, 5, 3, 4, 4, 3, 5, 3, 4, 5, 4, 4, 5, 4, 2, 4, 4, 4, 5, 5, 3, 4, 2, 4, 4],1.58882882660327
21250,2.0,5,[4, 3, 3, 5, 4, 4, 4, 4, 5, 4, 4, 4, 5, 3, 4, 3, 3, 4, 5, 2, 3, 5, 3, 5, 4, 4, 3, 4, 2, 2, 3, 2, 3, 5, 5, 4, 3, 4, 4, 4, 4, 3, 4, 4, 4, 3, 4, 5, 4, 4],1.6020484700260447
21300,2.0,5,[3, 3, 5, 4, 5, 4, 4, 4, 4, 4, 4, 5, 4, 4, 2, 4, 5, 5, 3, 2, 4, 3, 4, 2, 5, 3, 3, 3, 4, 3, 3, 5, 3, 5, 4, 3, 2, 2, 5, 4, 4, 3, 4, 5, 4, 3, 3, 3, 4, 2],1.4309934033580372
21350,2.0,5,[3, 4, 5, 5, 4, 4, 3, 4, 5, 2, 2, 4, 4, 5, 4, 3, 4, 4, 4, 4, 4, 5, 3, 4, 4, 4, 4, 5, 5, 2, 3, 4, 3, 5, 4, 3, 3, 4, 5, 4, 3, 4, 4, 4, 4, 5, 3, 4, 4, 4],1.7085254087143797
21400,2.0,5,[2, 4, 4, 4, 4, 3, 3, 3, 4, 4, 5, 4, 5, 5, 4, 4, 4, 4, 4, 2, 4, 4, 5, 4, 2, 4, 5, 2, 3, 4, 4, 5, 5, 4, 4, 3, 3, 3, 3, 5, 4, 5, 5, 3, 2, 4, 4, 2, 5, 4],1.6046614395940952
21450,2.0,5,[4, 4, 4, 3, 5, 5, 3, 5, 2, 4, 3, 4, 4, 3, 5, 3, 5, 5, 4, 4, 3, 3, 5, 4, 2, 4, 3, 2, 3, 5, 4, 4, 4, 4, 5, 4, 4, 5, 4, 2, 2, 4, 4, 4, 4, 4, 4, 3, 5, 4],1.6001133285376568
21500,2.0,5,[4, 3, 3, 3, 4, 4, 4, 5, 4, 4, 4, 3, 3, 4, 4, 5, 5, 4, 5, 4, 3, 5, 3, 3, 2, 5, 4, 5, 3, 4, 2, 4, 3, 3, 4, 4, 5, 2, 4, 4, 4, 5, 2, 5, 5, 3, 4, 3, 5, 2],1.5189879445958212
21550,2.0,5,[4, 3, 3, 4, 4, 4, 3, 3, 4, 5, 4, 4, 4, 5, 2, 4, 3, 3, 3, 4, 4, 4, 3, 5, 5, 2, 3, 3, 5, 4, 3, 3, 5, 5, 5, 4, 5, 5, 3, 2, 3, 4, 5, 3, 4, 3, 3, 4, 5, 4],1.498349136764427
21600,2.0,5,[4, 2, 5, 2, 2, 4, 3, 4, 5, 5, 5, 4, 3, 4, 4, 4, 5, 4, 3, 2, 3, 5, 4, 3, 4, 2, 5, 5, 5, 4, 3, 5, 5, 3, 2, 4, 5, 5, 3, 4, 4, 3, 5, 3, 4, 4, 3, 2, 2, 4],1.3239727047981704
21650,2.0,5,[3, 4, 4, 4, 4, 5, 2, 2, 5, 4, 3, 3, 5, 4, 4, 4, 3, 4, 3, 4, 3, 4, 2, 4, 2, 5, 4, 5, 5, 4, 5, 3, 5, 4, 4, 2, 3, 4, 4, 4, 4, 4, 2, 4, 2, 3, 5, 2, 5, 2],1.4103383302667651
21700,2.0,5,[4, 3, 4, 2, 4, 3, 3, 5, 4, 4, 3, 4, 5, 4, 4, 3, 4, 4, 5, 4, 4, 4, 3, 4, 4, 3, 4, 5, 3, 4, 5, 5, 2, 5, 2, 4, 4, 5, 5, 2, 3, 4, 3, 4, 2, 4, 5, 2, 4, 5],1.5711631979153156
21750,2.0,5,[3, 5, 5, 5, 5, 4, 4, 2, 5, 4, 4, 2, 4, 5, 4, 4, 3, 5, 3, 4, 4, 3, 3, 3, 4, 4, 3, 5, 3, 5, 4, 3, 4, 3, 2, 4, 5, 2, 4, 5, 3, 4, 2, 4, 4, 4, 3, 3, 5, 4],1.5011230446931618
21800,2.0,5,[4, 4, 3, 5, 2, 4, 4, 4, 3, 4, 2, 3, 3, 2, 4, 3, 4, 4, 4, 4, 4, 5, 4, 4, 4, 4, 3, 4, 3, 2, 4, 5, 2, 4, 4, 4, 4, 3, 4, 5, 2, 3, 5, 4, 4, 4, 3, 5, 4, 4],1.632898365109289
21850,2.0,5,[3, 3, 2, 5, 2, 3, 4, 5, 5, 4, 5, 5, 4, 4, 4, 5, 2, 4, 5, 4, 3, 3, 4, 5, 4, 3, 4, 3, 5, 4, 4, 4, 5, 4, 4, 5, 2, 5, 4, 4, 3, 3, 2, 3, 4, 4, 4, 4, 4, 4],1.5452664583622582
21900,2.0,5,[2, 4, 5, 3, 4, 4, 2, 5, 4, 4, 3, 4, 4, 3, 4, 2, 4, 3, 4, 5, 4, 3, 5, 5, 2, 4, 3, 5, 4, 4, 4, 5, 3, 4, 4, 3, 4, 5, 4, 5, 4, 3, 4, 3, 4, 5, 3, 5, 4, 4],1.5903517863802894
21950,2.0,5,[3, 4, 3, 4, 2, 3, 3, 5, 3, 2, 4, 3, 5, 5, 4, 4, 4, 3, 4, 4, 4, 4, 5, 2, 4, 3, 3, 5, 3, 4, 4, 4, 4, 4, 2, 4, 2, 4, 4, 3, 4, 4, 5, 5, 4, 4, 3, 5, 5, 4],1.600735318578422
22000,2.0,5,[3, 2, 4, 2, 3, 4, 4, 4, 4, 4, 5, 5, 4, 3, 4, 4, 3, 5, 5, 4, 4, 4, 3, 4, 2, 4, 3, 2, 5, 4, 4, 5, 4, 5, 4, 3, 3, 5, 4, 2, 3, 4, 3, 4, 5, 4, 5, 2, 2, 5],1.5144127160518628
22050,2.0,5,[3, 4, 4, 3, 4, 2, 4, 3, 5, 2, 5, 4, 4, 5, 4, 3, 3, 2, 4, 5, 3, 5, 3, 4, 4, 3, 5, 2, 3, 4, 3, 4, 3, 5, 5, 5, 3, 2, 3, 4, 4, 4, 5, 5, 2, 4, 4, 3, 5, 5],1.4053576652754083
22100,2.0,5,[3, 5, 3, 2, 2, 4, 5, 4, 4, 4, 2, 4, 2, 4, 5, 3, 4, 3, 4, 5, 3, 3, 2, 4, 2, 3, 4, 5, 3, 2, 4, 5, 5, 5, 2, 4, 4, 2, 5, 2, 3, 4, 5, 5, 4, 4, 3, 5, 2, 4],1.2883032385632758
22150,2.0,5,[3, 4, 4, 4, 4, 3, 4, 4, 5, 5, 4, 3, 4, 3, 4, 3, 3, 3, 3, 4, 4, 3, 3, 3, 4, 4, 3, 5, 3, 4, 4, 4, 5, 5, 2, 4, 3, 5, 5, 4, 3, 5, 3, 4, 4, 3, 5, 2, 4, 2],1.5299775644305567
22200,2.0,5,[3, 4, 5, 3, 4, 3, 3, 5, 4, 4, 3, 3, 4, 3, 4, 3, 4, 4, 3, 4, 3, 4, 3, 3, 4, 3, 3, 3, 3, 4, 4, 4, 4, 5, 5, 4, 5, 2, 3, 5, 3, 3, 4, 5, 4, 4, 3, 3, 4, 2],1.4786771307503057
22250,2.0,5,[4, 3, 5, 5, 5, 4, 4, 4, 5, 2, 4, 2, 4, 5, 5, 3, 4, 4, 4, 4, 4, 4, 5, 5, 4, 4, 3, 2, 5, 2, 3, 3, 4, 5, 4, 4, 3, 3, 3, 4, 3, 4, 5, 5, 4, 4, 5, 4, 4, 4],1.6772425361343657
22300,2.0,5,[3, 4, 5, 3, 5, 4, 4, 3, 5, 5, 3, 5, 3, 3, 4, 3, 5, 2, 3, 4, 2, 4, 4, 5, 5, 4, 4, 5, 5, 2, 4, 3, 5, 5, 5, 4, 3, 4, 1, 4, 4, 4, 4, 1, 3, 3, 5, 3, 3, 4],1.4248111430357182
22350,2.0,5,[4, 5, 4, 5, 5, 3, 3, 4, 3, 4, 3, 5, 5, 3, 2, 4, 5, 3, 5, 2, 4, 3, 5, 4, 2, 3, 3, 4, 4, 4, 4, 4, 2, 4, 2, 3, 4, 4, 5, 4, 4, 4, 4, 3, 4, 3, 4, 5, 5, 4],1.564494251084739
22400,2.0,5,[4, 3, 5, 3, 4, 4, 3, 5, 5, 4, 4, 4, 3, 5, 5, 5, 3, 4, 4, 2, 4, 5, 4, 4, 5, 4, 5, 2, 4, 4, 4, 3, 4, 3, 4, 3, 4, 4, 4, 5, 4, 4, 4, 4, 4, 4, 3, 3, 5, 4],1.7586859915239765
22450,2.0,5,[2, 5, 5, 3, 4, 4, 3, 3, 5, 4, 4, 2, 5, 5, 4, 4, 4, 4, 4, 4, 3, 3, 5, 5, 2, 3, 3, 3, 4, 4, 2, 3, 4, 5, 5, 3, 4, 4, 3, 5, 4, 4, 4, 5, 5, 4, 4, 3, 4, 4],1.5669965894653808
22500,2.0,5,[5, 3, 5, 3, 5, 4, 5, 4, 4, 5, 3, 5, 2, 5, 4, 3, 1, 3, 3, 4, 4, 5, 3, 5, 4, 4, 4, 4, 5, 3, 4, 4, 4, 5, 4, 3, 3, 4, 3, 4, 2, 5, 2, 3, 4, 4, 4, 5, 3, 4],1.51176823068528
22550,2.0,5,[4, 3, 4, 3, 4, 3, 5, 4, 3, 4, 3, 3, 4, 4, 3, 3, 4, 4, 3, 4, 5, 3, 2, 3, 4, 3, 3, 3, 4, 4, 5, 3, 5, 5, 4, 4, 4, 5, 4, 4, 4, 3, 4, 4, 4, 4, 5, 3, 5, 4],1.6016410333375373
22600,2.0,5,[5, 5, 5, 5, 4, 4, 4, 5, 4, 4, 4, 3, 3, 5, 4, 4, 1, 4, 4, 2, 4, 3, 5, 5, 4, 3, 3, 3, 4, 2, 4, 3, 5, 5, 2, 4, 5, 2, 4, 4, 4, 3, 5, 5, 2, 2, 3, 5, 4, 4],1.481993073863402
22650,2.0,5,[4, 3, 5, 5, 5, 3, 4, 2, 3, 2, 5, 5, 5, 4, 2, 4, 4, 5, 4, 5, 4, 4, 5, 4, 3, 5, 3, 5, 5, 4, 4, 4, 5, 4, 5, 4, 4, 4, 5, 4, 3, 4, 2, 4, 5, 2, 4, 3, 3, 4],1.6067703401249902
22700,2.0,5,[3, 4, 3, 2, 5, 3, 4, 3, 4, 4, 3, 4, 3, 5, 5, 3, 5, 2, 3, 3, 3, 3, 2, 5, 4, 4, 4, 4, 5, 5, 4, 4, 4, 4, 4, 3, 3, 5, 3, 2, 4, 4, 4, 5, 4, 4, 5, 2, 3, 4],1.493901280867653
22750,2.0,5,[3, 5, 3, 4, 4, 4, 3, 3, 3, 4, 5, 3, 5, 5, 4, 3, 5, 4, 4, 4, 4, 3, 5, 2, 4, 4, 5, 4, 3, 4, 4, 4, 5, 4, 4, 4, 4, 3, 3, 4, 4, 4, 5, 4, 2, 4, 4, 5, 3, 4],1.7077193387873009
22800,2.0,5,[4, 4, 5, 4, 4, 3, 5, 2, 5, 4, 2, 4, 5, 3, 4, 3, 5, 3, 3, 2, 4, 5, 5, 3, 4, 4, 4, 3, 4, 2, 5, 4, 4, 3, 4, 4, 5, 4, 5, 4, 3, 4, 4, 4, 2, 3, 4, 5, 4, 4],1.614604332698242
22850,2.0,5,[3, 3, 5, 4, 5, 3, 4, 4, 4, 5, 3, 4, 4, 5, 4, 3, 3, 2, 5, 2, 4, 3, 2, 5, 4, 4, 4, 4, 3, 4, 4, 5, 2, 5, 2, 4, 5, 3, 5, 4, 4, 4, 5, 4, 4, 4, 3, 3, 4, 4],1.5959414915812757
22900,2.0,5,[4, 3, 4, 5, 4, 5, 4, 5, 5, 4, 4, 5, 2, 5, 4, 3, 3, 3, 5, 4, 3, 5, 4, 4, 4, 3, 4, 5, 4, 4, 3, 4, 4, 5, 3, 4, 3, 4, 3, 4, 4, 4, 5, 4, 4, 4, 3, 3, 5, 5],1.7122693159015516
22950,2.0,5,[2, 3, 4, 2, 4, 3, 3, 5, 3, 5, 4, 4, 5, 4, 2, 4, 4, 5, 2, 4, 4, 4, 5, 5, 4, 3, 2, 5, 5, 4, 3, 2, 3, 4, 5, 4, 3, 5, 3, 2, 5, 4, 4, 4, 4, 3, 4, 5, 5, 4],1.4252528443374293
23000,2.0,5,[4, 3, 2, 4, 4, 3, 3, 3, 5, 4, 4, 3, 4, 3, 2, 3, 3, 5, 5, 5, 5, 4, 4, 3, 4, 4, 4, 5, 4, 4, 4, 4, 3, 5, 4, 4, 2, 2, 4, 4, 2, 3, 5, 4, 4, 4, 3, 2, 4, 4],1.5243693470775224
23050,2.0,5,[4, 3, 4, 5, 4, 3, 4, 4, 4, 2, 2, 4, 4, 4, 5, 3, 4, 3, 4, 4, 3, 3, 5, 3, 2, 3, 4, 4, 2, 4, 3, 3, 4, 4, 5, 4, 5, 5, 3, 5, 4, 4, 5, 2, 4, 3, 5, 5, 4, 4],1.5350962579890628
23100,2.0,5,[4, 4, 5, 5, 5, 4, 4, 5, 3, 5, 4, 4, 4, 3, 5, 4, 5, 3, 4, 4, 4, 3, 5, 3, 2, 2, 5, 3, 5, 4, 4, 3, 3, 5, 5, 4, 4, 2, 4, 2, 3, 3, 5, 4, 5, 4, 5, 2, 4, 5],1.5602062653597215
23150,2.0,5,[3, 4, 4, 4, 5, 4, 4, 4, 2, 4, 4, 4, 2, 4, 4, 2, 4, 2, 4, 4, 4, 4, 5, 5, 2, 3, 3, 4, 4, 2, 4, 4, 4, 4, 4, 4, 5, 2, 5, 2, 3, 4, 5, 2, 4, 3, 3, 5, 5, 4],1.5835985511140251
23200,2.0,5,[4, 4, 5, 4, 4, 3, 4, 2, 4, 2, 5, 4, 4, 3, 4, 4, 4, 2, 5, 4, 3, 4, 5, 3, 4, 3, 2, 2, 4, 4, 3, 4, 4, 3, 4, 3, 3, 5, 5, 2, 4, 3, 5, 2, 5, 4, 4, 3, 3, 4],1.4892803243151602
23250,2.0,5,[5, 3, 5, 4, 2, 3, 3, 2, 2, 3, 4, 3, 4, 3, 5, 5, 3, 3, 4, 2, 2, 3, 4, 4, 2, 4, 4, 4, 3, 5, 4, 4, 4, 3, 2, 3, 4, 5, 4, 4, 4, 4, 4, 5, 5, 2, 5, 5, 4, 4],1.4037906377658593
23300,2.0,5,[2, 3, 5, 4, 4, 4, 4, 4, 4, 4, 3, 4, 3, 3, 2, 3, 3, 2, 4, 4, 4, 3, 3, 5, 4, 4, 3, 4, 3, 4, 3, 4, 3, 4, 4, 2, 5, 2, 4, 4, 4, 4, 4, 5, 4, 3, 3, 2, 3, 4],1.5025760081905621
23350,2.0,5,[3, 4, 3, 3, 5, 3, 2, 3, 4, 4, 4, 5, 4, 3, 2, 3, 4, 4, 4, 2, 4, 4, 4, 3, 4, 3, 4, 3, 5, 2, 4, 3, 2, 3, 2, 4, 4, 4, 4, 4, 5, 4, 2, 3, 5, 4, 4, 4, 5, 5],1.5238436670077011
23400,2.0,5,[4, 4, 3, 1, 4, 3, 5, 3, 5, 4, 3, 4, 3, 4, 2, 2, 5, 5, 4, 4, 4, 3, 5, 4, 4, 4, 4, 2, 5, 4, 3, 2, 5, 2, 4, 4, 5, 5, 2, 4, 3, 5, 5, 5, 5, 4, 3, 3, 4, 4],1.4448962110496335
23450,2.0,5,[5, 5, 5, 5, 4, 3, 4, 3, 3, 2, 5, 4, 4, 4, 4, 3, 3, 3, 5, 4, 3, 3, 5, 3, 2, 3, 3, 2, 4, 4, 4, 4, 2, 2, 4, 3, 3, 4, 4, 4, 3, 3, 3, 4, 5, 4, 3, 3, 5, 5],1.3714990040016033
23500,2.0,5,[4, 4, 3, 4, 5, 4, 4, 4, 5, 4, 4, 3, 5, 4, 2, 4, 2, 4, 4, 3, 4, 3, 2, 2, 5, 4, 3, 5, 4, 4, 3, 4, 5, 3, 4, 3, 3, 4, 5, 2, 4, 5, 5, 2, 4, 2, 3, 5, 3, 4],1.482395839695893
23550,2.0,5,[4, 5, 5, 3, 4, 2, 5, 5, 3, 4, 3, 3, 4, 5, 5, 5, 4, 4, 4, 4, 4, 3, 4, 3, 5, 5, 3, 2, 4, 5, 4, 3, 3, 3, 4, 4, 4, 5, 2, 2, 3, 4, 4, 4, 4, 4, 3, 3, 5, 4],1.5237280322603344
23600,2.0,5,[4, 4, 4, 5, 5, 4, 4, 5, 5, 5, 2, 4, 5, 4, 4, 4, 3, 5, 4, 5, 4, 3, 5, 4, 3, 3, 5, 4, 4, 4, 4, 4, 4, 4, 5, 3, 5, 5, 3, 5, 3, 5, 3, 5, 2, 4, 4, 5, 4, 4],1.7471862820779682
23650,2.0,5,[4, 4, 5, 5, 2, 4, 5, 4, 5, 2, 3, 5, 4, 4, 2, 3, 4, 5, 4, 4, 4, 4, 5, 5, 4, 5, 4, 5, 5, 4, 3, 4, 3, 4, 4, 4, 4, 2, 4, 4, 4, 4, 3, 5, 4, 3, 4, 2, 4, 2],1.7139655562793599
23700,2.0,5,[3, 4, 3, 4, 2, 4, 5, 3, 4, 4, 3, 3, 3, 5, 4, 2, 4, 5, 5, 3, 4, 3, 2, 3, 2, 3, 4, 4, 4, 4, 3, 4, 5, 4, 4, 4, 4, 3, 4, 5, 4, 3, 5, 4, 2, 4, 4, 3, 3, 2],1.52302585939292
23750,2.0,5,[4, 4, 3, 4, 2, 4, 4, 5, 4, 4, 3, 3, 3, 4, 4, 5, 3, 4, 4, 4, 4, 3, 5, 2, 2, 4, 4, 2, 5, 4, 3, 4, 4, 5, 4, 4, 4, 5, 5, 2, 3, 5, 3, 5, 2, 4, 3, 5, 4, 4],1.6082367427295876
23800,2.0,5,[4, 5, 2, 5, 4, 3, 5, 2, 4, 4, 4, 3, 3, 4, 5, 4, 4, 5, 3, 2, 4, 4, 5, 4, 5, 5, 3, 3, 4, 4, 5, 5, 4, 4, 4, 5, 5, 3, 4, 4, 3, 5, 4, 4, 4, 4, 3, 2, 5, 4],1.635662414958024
23850,2.0,5,[5, 3, 2, 5, 4, 2, 4, 3, 4, 4, 5, 4, 4, 3, 4, 4, 4, 3, 5, 4, 3, 4, 2, 4, 4, 4, 3, 4, 5, 5, 4, 4, 4, 4, 4, 5, 5, 3, 3, 4, 4, 2, 2, 4, 5, 3, 4, 5, 4, 4],1.6351945622243607
23900,2.0,5,[4, 4, 5, 4, 5, 3, 3, 4, 4, 4, 4, 4, 4, 4, 4, 4, 3, 5, 5, 5, 3, 5, 5, 5, 4, 4, 5, 5, 3, 4, 4, 3, 3, 5, 4, 3, 4, 5, 5, 4, 3, 4, 5, 2, 3, 5, 4, 5, 4, 2],1.6865037693522176
23950,2.0,5,[3, 3, 5, 4, 4, 3, 5, 3, 4, 4, 3, 3, 5, 5, 2, 2, 4, 4, 5, 4, 3, 3, 3, 4, 5, 3, 5, 4, 4, 4, 4, 4, 4, 5, 4, 3, 2, 3, 4, 4, 3, 4, 3, 4, 5, 4, 3, 5, 4, 5],1.5256548163271921
24000,2.0,5,[3, 3, 5, 5, 3, 3, 3, 3, 4, 2, 3, 3, 5, 4, 5, 4, 5, 2, 5, 2, 3, 3, 3, 2, 5, 4, 4, 5, 5, 4, 2, 4, 5, 5, 2, 4, 4, 3, 5, 2, 4, 4, 2, 4, 4, 3, 4, 3, 3, 3],1.2950167275539313
24050,2.0,5,[3, 3, 5, 3, 2, 3, 4, 4, 4, 2, 4, 4, 4, 4, 4, 5, 3, 5, 2, 2, 5, 3, 5, 3, 5, 4, 4, 5, 5, 4, 2, 5, 3, 3, 4, 3, 3, 5, 4, 4, 4, 3, 5, 3, 4, 4, 5, 2, 4, 4],1.4138767039607658
24100,2.0,5,[3, 3, 3, 3, 2, 4, 3, 5, 5, 2, 4, 4, 3, 3, 4, 3, 4, 5, 4, 4, 4, 3, 4, 3, 5, 4, 5, 2, 5, 5, 4, 3, 2, 5, 4, 2, 4, 4, 3, 4, 5, 4, 2, 4, 5, 3, 4, 3, 5, 5],1.4276447451482592
24150,2.0,5,[4, 4, 5, 5, 4, 4, 4, 5, 5, 4, 4, 4, 3, 4, 4, 2, 2, 4, 3, 5, 3, 4, 3, 5, 4, 4, 3, 5, 3, 2, 4, 3, 3, 4, 2, 4, 3, 5, 4, 4, 4, 4, 2, 5, 4, 4, 3, 4, 3, 5],1.6163834197845592
24200,2.0,5,[3, 3, 2, 4, 2, 4, 5, 3, 5, 2, 3, 3, 5, 4, 4, 3, 5, 5, 4, 4, 3, 4, 5, 5, 4, 4, 3, 5, 3, 4, 4, 3, 5, 4, 4, 3, 3, 3, 5, 4, 3, 4, 3, 4, 2, 4, 4, 4, 3, 2],1.4549439384701068
24250,2.0,5,[4, 4, 2, 3, 2, 4, 3, 4, 5, 4, 4, 4, 4, 4, 5, 4, 4, 3, 5, 5, 4, 4, 3, 3, 2, 3, 3, 3, 3, 4, 3, 5, 3, 3, 5, 2, 4, 5, 4, 4, 4, 5, 4, 5, 4, 3, 5, 3, 3, 4],1.556370626827275
24300,2.0,5,[3, 4, 4, 4, 5, 4, 4, 5, 5, 4, 4, 3, 2, 3, 5, 3, 5, 4, 5, 4, 2, 4, 4, 2, 4, 4, 3, 4, 4, 4, 4, 3, 2, 3, 2, 4, 5, 3, 5, 2, 3, 4, 3, 3, 5, 4, 4, 3, 4, 4],1.547977288982719
24350,2.0,5,[4, 5, 3, 5, 5, 3, 4, 3, 3, 4, 4, 4, 2, 3, 4, 5, 3, 5, 2, 4, 4, 3, 5, 4, 5, 4, 3, 2, 3, 4, 4, 5, 5, 4, 4, 4, 4, 3, 3, 4, 4, 3, 4, 4, 4, 3, 4, 5, 4, 4],1.6272762269887515
24400,2.0,5,[2, 5, 4, 3, 4, 3, 4, 4, 5, 5, 3, 4, 5, 4, 4, 3, 5, 2, 5, 4, 4, 4, 4, 5, 2, 3, 3, 5, 3, 2, 4, 3, 4, 5, 2, 4, 3, 5, 4, 4, 3, 5, 5, 5, 2, 4, 4, 4, 4, 4],1.5226884414804895
24450,2.0,5,[3, 4, 4, 2, 4, 3, 4, 4, 5, 4, 3, 3, 5, 5, 4, 4, 4, 4, 4, 4, 4, 5, 4, 5, 4, 4, 5, 4, 3, 4, 4, 5, 4, 3, 3, 5, 3, 5, 4, 5, 4, 4, 4, 4, 4, 3, 4, 4, 5, 2],1.7708292451837375
24500,2.0,5,[5, 4, 5, 4, 2, 3, 3, 4, 3, 4, 3, 4, 4, 5, 4, 3, 5, 5, 4, 4, 4, 3, 4, 5, 4, 4, 3, 5, 5, 4, 4, 4, 2, 4, 2, 3, 3, 5, 5, 5, 3, 5, 4, 4, 4, 4, 2, 2, 5, 2],1.5053917317874133
24550,2.0,5,[3, 4, 5, 4, 4, 4, 4, 3, 4, 5, 3, 3, 2, 5, 2, 4, 4, 5, 2, 4, 3, 3, 5, 5, 5, 3, 4, 5, 5, 4, 3, 4, 3, 4, 5, 4, 4, 5, 4, 4, 4, 5, 3, 3, 4, 4, 4, 5, 4, 4],1.662384957068974
24600,2.0,5,[4, 4, 2, 5, 4, 3, 5, 5, 5, 5, 4, 4, 4, 4, 5, 4, 3, 4, 5, 4, 3, 5, 5, 5, 5, 4, 2, 2, 4, 5, 5, 5, 3, 3, 4, 3, 4, 5, 5, 5, 3, 5, 4, 3, 2, 3, 4, 4, 5, 2],1.498490799644137
24650,2.0,5,[4, 3, 3, 4, 4, 3, 3, 4, 4, 4, 4, 3, 5, 3, 4, 4, 5, 5, 4, 2, 4, 4, 2, 5, 4, 3, 4, 3, 5, 5, 3, 3, 5, 4, 4, 3, 4, 4, 3, 5, 3, 4, 2, 4, 5, 3, 5, 5, 4, 3],1.5490575611901145
24700,2.0,5,[3, 4, 2, 4, 4, 4, 3, 4, 4, 5, 4, 4, 4, 2, 4, 4, 4, 5, 5, 4, 4, 3, 3, 4, 4, 4, 5, 5, 4, 4, 4, 3, 3, 5, 4, 2, 3, 4, 4, 4, 3, 4, 3, 3, 2, 4, 3, 3, 4, 4],1.6692937553122753
24750,2.0,5,[5, 3, 5, 5, 4, 4, 3, 4, 4, 4, 4, 5, 3, 5, 2, 4, 4, 3, 3, 4, 3, 4, 2, 4, 5, 3, 5, 5, 4, 2, 3, 4, 5, 3, 4, 4, 4, 4, 5, 5, 4, 5, 5, 4, 4, 4, 4, 4, 5, 4],1.7162283649712269
24800,2.0,5,[3, 4, 4, 5, 4, 3, 4, 4, 4, 2, 4, 2, 5, 4, 4, 3, 4, 5, 4, 2, 4, 3, 5, 5, 4, 4, 4, 3, 3, 4, 4, 2, 2, 4, 2, 3, 2, 4, 3, 5, 4, 3, 4, 5, 4, 4, 3, 3, 5, 5],1.513567562375255
24850,2.0,5,[4, 3, 3, 3, 4, 4, 4, 5, 4, 4, 5, 4, 4, 5, 2, 4, 3, 4, 5, 4, 4, 5, 4, 3, 4, 4, 4, 3, 4, 3, 3, 4, 3, 4, 2, 3, 4, 5, 4, 2, 4, 3, 3, 3, 4, 4, 3, 3, 5, 4],1.6577763199470406
24900,2.0,5,[3, 3, 3, 4, 4, 3, 4, 3, 3, 2, 4, 5, 3, 3, 4, 3, 5, 4, 4, 4, 3, 3, 2, 5, 5, 2, 4, 3, 5, 2, 3, 4, 5, 5, 5, 4, 4, 2, 4, 4, 3, 5, 4, 3, 4, 3, 3, 2, 4, 4],1.382194741998316
24950,2.0,5,[4, 2, 3, 5, 4, 4, 4, 4, 3, 3, 4, 4, 3, 5, 4, 4, 3, 5, 4, 4, 4, 4, 5, 4, 2, 4, 3, 5, 3, 4, 3, 3, 4, 5, 4, 4, 3, 4, 3, 4, 2, 3, 5, 3, 5, 4, 4, 4, 3, 2],1.5941154481043474
25000,2.0,5,[3, 3, 5, 4, 2, 4, 3, 3, 4, 4, 4, 5, 4, 5, 5, 4, 4, 4, 3, 2, 4, 3, 2, 5, 2, 2, 4, 4, 3, 4, 4, 4, 5, 3, 2, 4, 4, 3, 5, 4, 4, 2, 5, 3, 4, 2, 3, 5, 4, 4],1.4717028225378697
